AllTengwar,AtehtaShift,AtehtaBarShift,DownAtehtaShift,YtehtaShift,DownYtehtaShift,ItehtaShift,DownItehtaShift,EtehtaShift,DownEtehtaShift,OtehtaShift,UtehtaShift,ThinnasShift,DotinsideShift,UnderbarShift,InvAtehtaShift,OverbarShift,EngYtehtaShift,RevEtehtaShift,YantatehtaShift,Underliners,OOtehtaShift,UUtehtaShift,EEtehtaShift,DownEEtehtaShift,DblUnderStrokeShift
tinco,atehta.norm20,atehta.norm20u4,downatehta.norm18,ytehta.norm20,downytehta.narrow18,itehta.norm20,downitehta.norm19,etehta.norm20,downetehta.narrow17,otehta.wide26,utehta.norm19,thinnas.norm18,dotinside.norm19,underbar.norm20,invatehta.norm20,overbar.norm20,engytehta.norm20,revetehta.norm20,yantatehta.norm20,uline0,ootehta.norm22,uutehta.norm19,eetehta.norm20,downeetehta.norm15,dblunderstroke.norm18
tinco.conr,atehta.norm20,atehta.norm20u4,downatehta.norm18,ytehta.norm20,downytehta.narrow18,itehta.norm20,downitehta.norm19,etehta.norm20,downetehta.narrow17,otehta.wide26,utehta.norm19,thinnas.norm18,dotinside.norm19,underbar.norm20,invatehta.norm20,overbar.norm20,engytehta.norm20,revetehta.norm20,yantatehta.norm20,uline0,ootehta.norm22,uutehta.norm19,eetehta.norm20,downeetehta.norm15,dblunderstroke.norm18
tinco.conl,atehta.norm20,atehta.norm20u4,downatehta.norm18,ytehta.norm20,downytehta.narrow18,itehta.norm20,downitehta.norm19,etehta.norm20,downetehta.narrow17,otehta.wide26,utehta.norm19,thinnas.norm18,dotinside.norm19,underbar.norm20,invatehta.norm20,overbar.norm20,engytehta.norm20,revetehta.norm20,yantatehta.norm20,uline0,ootehta.norm22,uutehta.norm19,eetehta.norm20,downeetehta.norm15,dblunderstroke.norm18
tinco.conb,atehta.norm20,atehta.norm20u4,downatehta.norm18,ytehta.norm20,downytehta.narrow18,itehta.norm20,downitehta.norm19,etehta.norm20,downetehta.narrow17,otehta.wide26,utehta.norm19,thinnas.norm18,dotinside.norm19,underbar.norm20,invatehta.norm20,overbar.norm20,engytehta.norm20,revetehta.norm20,yantatehta.norm20,uline0,ootehta.norm22,uutehta.norm19,eetehta.norm20,downeetehta.norm15,dblunderstroke.norm18
ando,atehta.norm29,atehta.norm29u4,downatehta.norm28,ytehta.norm29,downytehta.norm28,itehta.norm29,downitehta.norm28,etehta.norm29,downetehta.norm27,otehta.wide29,utehta.norm29,thinnas.norm30,dotinside,underbar.wide29,invatehta.norm30,overbar.wide30,engytehta.wide30,revetehta.norm30,yantatehta.norm30,uline1,ootehta.wide29,uutehta.norm29,eetehta.norm30,downeetehta.norm28,dblunderstroke.norm28
ando.conr,atehta.norm29,atehta.norm29u4,downatehta.norm28,ytehta.norm29,downytehta.norm28,itehta.norm29,downitehta.norm28,etehta.norm29,downetehta.norm27,otehta.wide29,utehta.norm29,thinnas.norm30,dotinside,underbar.wide29,invatehta.norm30,overbar.wide30,engytehta.wide30,revetehta.norm30,yantatehta.norm30,uline1,ootehta.wide29,uutehta.norm29,eetehta.norm30,downeetehta.norm28,dblunderstroke.norm28
ando.conl,atehta.norm29,atehta.norm29u4,downatehta.norm28,ytehta.norm29,downytehta.norm28,itehta.norm29,downitehta.norm28,etehta.norm29,downetehta.norm27,otehta.wide29,utehta.norm29,thinnas.norm30,dotinside,underbar.wide29,invatehta.norm30,overbar.wide30,engytehta.wide30,revetehta.norm30,yantatehta.norm30,uline1,ootehta.wide29,uutehta.norm29,eetehta.norm30,downeetehta.norm28,dblunderstroke.norm28
ando.conb,atehta.norm29,atehta.norm29u4,downatehta.norm28,ytehta.norm29,downytehta.norm28,itehta.norm29,downitehta.norm28,etehta.norm29,downetehta.norm27,otehta.wide29,utehta.norm29,thinnas.norm30,dotinside,underbar.wide29,invatehta.norm30,overbar.wide30,engytehta.wide30,revetehta.norm30,yantatehta.norm30,uline1,ootehta.wide29,uutehta.norm29,eetehta.norm30,downeetehta.norm28,dblunderstroke.norm28
thuule,atehta.norm17,atehta.norm17u4,downatehta.norm22,ytehta.narrow17,downytehta.norm22,itehta.norm19,downitehta.norm22,etehta.norm18,downetehta.norm20,otehta.wide23,utehta.norm17,thinnas.norm22,dotinside.norm19,underbar.norm23,invatehta.norm17,overbar.norm20,engytehta.norm17,revetehta.norm17,yantatehta.norm17,uline2,ootehta.norm20,uutehta.norm17,eetehta.norm17,downeetehta.norm22,dblunderstroke.norm22
thuule.conr,atehta.norm17,atehta.norm17u4,downatehta.norm22,ytehta.narrow17,downytehta.norm22,itehta.norm19,downitehta.norm22,etehta.norm18,downetehta.norm20,otehta.wide23,utehta.norm17,thinnas.norm22,dotinside.norm19,underbar.norm23,invatehta.norm17,overbar.norm20,engytehta.norm17,revetehta.norm17,yantatehta.norm17,uline2,ootehta.norm20,uutehta.norm17,eetehta.norm17,downeetehta.norm22,dblunderstroke.norm22
anto,atehta.norm28,atehta.norm28u4,downatehta.norm31,ytehta.norm28,downytehta.norm31,itehta.norm28,downitehta.norm31,etehta.norm28,downetehta.norm29,otehta.wide29,utehta.norm29,thinnas.norm32,dotinside,underbar.wide32,invatehta.norm29,overbar.wide30,engytehta.wide29,revetehta.norm29,yantatehta.norm29,uline3,ootehta.wide29,uutehta.norm29,eetehta.norm29,downeetehta.norm31,dblunderstroke.norm31
anto.conr,atehta.norm28,atehta.norm28u4,downatehta.norm31,ytehta.norm28,downytehta.norm31,itehta.norm28,downitehta.norm31,etehta.norm28,downetehta.norm29,otehta.wide29,utehta.norm29,thinnas.norm32,dotinside,underbar.wide32,invatehta.norm29,overbar.wide30,engytehta.wide29,revetehta.norm29,yantatehta.norm29,uline3,ootehta.wide29,uutehta.norm29,eetehta.norm29,downeetehta.norm31,dblunderstroke.norm31
oore,atehta.norm20,atehta.norm20u4,downatehta.norm22,ytehta.norm20,downytehta.norm22,itehta.norm20,downitehta.norm22,etehta.norm20,downetehta.norm20,otehta.wide26,utehta.norm19,thinnas.norm22,dotinside.norm19,underbar.norm23,invatehta.norm20,overbar.norm20,engytehta.norm20,revetehta.norm20,yantatehta.norm20,uline4,ootehta.norm22,uutehta.norm19,eetehta.norm20,downeetehta.norm22,dblunderstroke.norm22
oore.conr,atehta.norm20,atehta.norm20u4,downatehta.norm22,ytehta.norm20,downytehta.norm22,itehta.norm20,downitehta.norm22,etehta.norm20,downetehta.norm20,otehta.wide26,utehta.norm19,thinnas.norm22,dotinside.norm19,underbar.norm23,invatehta.norm20,overbar.norm20,engytehta.norm20,revetehta.norm20,yantatehta.norm20,uline4,ootehta.norm22,uutehta.norm19,eetehta.norm20,downeetehta.norm22,dblunderstroke.norm22
oore.conl,atehta.norm20,atehta.norm20u4,downatehta.norm22,ytehta.norm20,downytehta.norm22,itehta.norm20,downitehta.norm22,etehta.norm20,downetehta.norm20,otehta.wide26,utehta.norm19,thinnas.norm22,dotinside.norm19,underbar.norm23,invatehta.norm20,overbar.norm20,engytehta.norm20,revetehta.norm20,yantatehta.norm20,uline4,ootehta.norm22,uutehta.norm19,eetehta.norm20,downeetehta.norm22,dblunderstroke.norm22
oore.conb,atehta.norm20,atehta.norm20u4,downatehta.norm22,ytehta.norm20,downytehta.norm22,itehta.norm20,downitehta.norm22,etehta.norm20,downetehta.norm20,otehta.wide26,utehta.norm19,thinnas.norm22,dotinside.norm19,underbar.norm23,invatehta.norm20,overbar.norm20,engytehta.norm20,revetehta.norm20,yantatehta.norm20,uline4,ootehta.norm22,uutehta.norm19,eetehta.norm20,downeetehta.norm22,dblunderstroke.norm22
nuumen,atehta.norm29,atehta.norm29u4,downatehta.norm31,ytehta.norm29,downytehta.norm31,itehta.norm29,downitehta.norm31,etehta.norm29,downetehta.norm29,otehta.wide29,utehta.norm29,thinnas.norm32,dotinside,underbar.wide32,invatehta.norm30,overbar.wide30,engytehta.wide30,revetehta.norm30,yantatehta.norm30,uline5,ootehta.wide29,uutehta.norm29,eetehta.norm30,downeetehta.norm31,dblunderstroke.norm31
nuumen.conr,atehta.norm29,atehta.norm29u4,downatehta.norm31,ytehta.norm29,downytehta.norm31,itehta.norm29,downitehta.norm31,etehta.norm29,downetehta.norm29,otehta.wide29,utehta.norm29,thinnas.norm32,dotinside,underbar.wide32,invatehta.norm30,overbar.wide30,engytehta.wide30,revetehta.norm30,yantatehta.norm30,uline5,ootehta.wide29,uutehta.norm29,eetehta.norm30,downeetehta.norm31,dblunderstroke.norm31
nuumen.conl,atehta.norm29,atehta.norm29u4,downatehta.norm31,ytehta.norm29,downytehta.norm31,itehta.norm29,downitehta.norm31,etehta.norm29,downetehta.norm29,otehta.wide29,utehta.norm29,thinnas.norm32,dotinside,underbar.wide32,invatehta.norm30,overbar.wide30,engytehta.wide30,revetehta.norm30,yantatehta.norm30,uline5,ootehta.wide29,uutehta.norm29,eetehta.norm30,downeetehta.norm31,dblunderstroke.norm31
nuumen.conb,atehta.norm29,atehta.norm29u4,downatehta.norm31,ytehta.norm29,downytehta.norm31,itehta.norm29,downitehta.norm31,etehta.norm29,downetehta.norm29,otehta.wide29,utehta.norm29,thinnas.norm32,dotinside,underbar.wide32,invatehta.norm30,overbar.wide30,engytehta.wide30,revetehta.norm30,yantatehta.norm30,uline5,ootehta.wide29,uutehta.norm29,eetehta.norm30,downeetehta.norm31,dblunderstroke.norm31
extthuule,atehta.norm17,atehta.norm17u4,downatehta.norm18,ytehta.narrow17,downytehta.narrow18,itehta.norm19,downitehta.norm19,etehta.norm18,downetehta.narrow17,otehta.wide23,utehta.norm17,thinnas.norm18,dotinside.norm19,underbar.norm20,invatehta.norm17,overbar.norm20,engytehta.norm17,revetehta.norm17,yantatehta.norm17,uline6,ootehta.norm20,uutehta.norm17,eetehta.norm17,downeetehta.norm15,dblunderstroke.norm18
extthuule.conr,atehta.norm17,atehta.norm17u4,downatehta.norm18,ytehta.narrow17,downytehta.narrow18,itehta.norm19,downitehta.norm19,etehta.norm18,downetehta.narrow17,otehta.wide23,utehta.norm17,thinnas.norm18,dotinside.norm19,underbar.norm20,invatehta.norm17,overbar.norm20,engytehta.norm17,revetehta.norm17,yantatehta.norm17,uline6,ootehta.norm20,uutehta.norm17,eetehta.norm17,downeetehta.norm15,dblunderstroke.norm18
extanto,atehta.norm28,atehta.norm28u4,downatehta.norm28,ytehta.norm28,downytehta.norm28,itehta.norm28,downitehta.norm28,etehta.norm28,downetehta.norm27,otehta.wide29,utehta.norm29,thinnas.norm30,dotinside,underbar.wide29,invatehta.norm29,overbar.wide30,engytehta.wide29,revetehta.norm29,yantatehta.norm29,uline7,ootehta.wide29,uutehta.norm29,eetehta.norm29,downeetehta.norm28,dblunderstroke.norm28
extanto.conr,atehta.norm28,atehta.norm28u4,downatehta.norm28,ytehta.norm28,downytehta.norm28,itehta.norm28,downitehta.norm28,etehta.norm28,downetehta.norm27,otehta.wide29,utehta.norm29,thinnas.norm30,dotinside,underbar.wide29,invatehta.norm29,overbar.wide30,engytehta.wide29,revetehta.norm29,yantatehta.norm29,uline7,ootehta.wide29,uutehta.norm29,eetehta.norm29,downeetehta.norm28,dblunderstroke.norm28
parma,atehta.norm20,atehta.norm20u4,downatehta.norm18,ytehta.norm20,downytehta.narrow18,itehta.norm20,downitehta.norm19,etehta.norm20,downetehta.narrow17,otehta.wide26,utehta.norm19,thinnas.norm18,dotinside.cond20,underbar.norm20,invatehta.norm20,overbar.norm20,engytehta.norm20,revetehta.norm20,yantatehta.norm20,uline0,ootehta.norm22,uutehta.norm19,eetehta.norm20,downeetehta.norm15,dblunderstroke.norm18
parma.conr,atehta.norm20,atehta.norm20u4,downatehta.norm18,ytehta.norm20,downytehta.narrow18,itehta.norm20,downitehta.norm19,etehta.norm20,downetehta.narrow17,otehta.wide26,utehta.norm19,thinnas.norm18,dotinside.cond20,underbar.norm20,invatehta.norm20,overbar.norm20,engytehta.norm20,revetehta.norm20,yantatehta.norm20,uline0,ootehta.norm22,uutehta.norm19,eetehta.norm20,downeetehta.norm15,dblunderstroke.norm18
parma.conl,atehta.norm20,atehta.norm20u4,downatehta.norm18,ytehta.norm20,downytehta.narrow18,itehta.norm20,downitehta.norm19,etehta.norm20,downetehta.narrow17,otehta.wide26,utehta.norm19,thinnas.norm18,dotinside.cond20,underbar.norm20,invatehta.norm20,overbar.norm20,engytehta.norm20,revetehta.norm20,yantatehta.norm20,uline0,ootehta.norm22,uutehta.norm19,eetehta.norm20,downeetehta.norm15,dblunderstroke.norm18
parma.conb,atehta.norm20,atehta.norm20u4,downatehta.norm18,ytehta.norm20,downytehta.narrow18,itehta.norm20,downitehta.norm19,etehta.norm20,downetehta.narrow17,otehta.wide26,utehta.norm19,thinnas.norm18,dotinside.cond20,underbar.norm20,invatehta.norm20,overbar.norm20,engytehta.norm20,revetehta.norm20,yantatehta.norm20,uline0,ootehta.norm22,uutehta.norm19,eetehta.norm20,downeetehta.norm15,dblunderstroke.norm18
umbar,atehta.norm29,atehta.norm29u4,downatehta.norm28,ytehta.norm29,downytehta.norm28,itehta.norm29,downitehta.norm28,etehta.norm29,downetehta.norm27,otehta.wide29,utehta.norm29,thinnas.norm30,dotinside,underbar.wide29,invatehta.norm30,overbar.wide30,engytehta.wide30,revetehta.norm30,yantatehta.norm30,uline1,ootehta.wide29,uutehta.norm29,eetehta.norm30,downeetehta.norm28,dblunderstroke.norm28
umbar.conr,atehta.norm29,atehta.norm29u4,downatehta.norm28,ytehta.norm29,downytehta.norm28,itehta.norm29,downitehta.norm28,etehta.norm29,downetehta.norm27,otehta.wide29,utehta.norm29,thinnas.norm30,dotinside,underbar.wide29,invatehta.norm30,overbar.wide30,engytehta.wide30,revetehta.norm30,yantatehta.norm30,uline1,ootehta.wide29,uutehta.norm29,eetehta.norm30,downeetehta.norm28,dblunderstroke.norm28
umbar.conl,atehta.norm29,atehta.norm29u4,downatehta.norm28,ytehta.norm29,downytehta.norm28,itehta.norm29,downitehta.norm28,etehta.norm29,downetehta.norm27,otehta.wide29,utehta.norm29,thinnas.norm30,dotinside,underbar.wide29,invatehta.norm30,overbar.wide30,engytehta.wide30,revetehta.norm30,yantatehta.norm30,uline1,ootehta.wide29,uutehta.norm29,eetehta.norm30,downeetehta.norm28,dblunderstroke.norm28
umbar.conb,atehta.norm29,atehta.norm29u4,downatehta.norm28,ytehta.norm29,downytehta.norm28,itehta.norm29,downitehta.norm28,etehta.norm29,downetehta.norm27,otehta.wide29,utehta.norm29,thinnas.norm30,dotinside,underbar.wide29,invatehta.norm30,overbar.wide30,engytehta.wide30,revetehta.norm30,yantatehta.norm30,uline1,ootehta.wide29,uutehta.norm29,eetehta.norm30,downeetehta.norm28,dblunderstroke.norm28
formen,atehta.norm17,atehta.norm17u4,downatehta.norm21,ytehta.narrow17,downytehta.norm21,itehta.norm19,downitehta.norm21,etehta.norm18,downetehta.norm20,otehta.wide23,utehta.norm17,thinnas.norm21,dotinside.cond20,underbar.norm23,invatehta.norm17,overbar.norm20,engytehta.norm17,revetehta.norm17,yantatehta.norm17,uline2,ootehta.norm20,uutehta.norm17,eetehta.norm17,downeetehta.norm21,dblunderstroke.norm21
formen.conr,atehta.norm17,atehta.norm17u4,downatehta.norm21,ytehta.narrow17,downytehta.norm21,itehta.norm19,downitehta.norm21,etehta.norm18,downetehta.norm20,otehta.wide23,utehta.norm17,thinnas.norm21,dotinside.cond20,underbar.norm23,invatehta.norm17,overbar.norm20,engytehta.norm17,revetehta.norm17,yantatehta.norm17,uline2,ootehta.norm20,uutehta.norm17,eetehta.norm17,downeetehta.norm21,dblunderstroke.norm21
ampa,atehta.norm28,atehta.norm28u4,downatehta.norm31,ytehta.norm28,downytehta.norm31,itehta.norm28,downitehta.norm31,etehta.norm28,downetehta.norm29,otehta.wide29,utehta.norm29,thinnas.norm32,dotinside,underbar.wide32,invatehta.norm29,overbar.wide30,engytehta.wide29,revetehta.norm29,yantatehta.norm29,uline3,ootehta.wide29,uutehta.norm29,eetehta.norm29,downeetehta.norm31,dblunderstroke.norm31
ampa.conr,atehta.norm28,atehta.norm28u4,downatehta.norm31,ytehta.norm28,downytehta.norm31,itehta.norm28,downitehta.norm31,etehta.norm28,downetehta.norm29,otehta.wide29,utehta.norm29,thinnas.norm32,dotinside,underbar.wide32,invatehta.norm29,overbar.wide30,engytehta.wide29,revetehta.norm29,yantatehta.norm29,uline3,ootehta.wide29,uutehta.norm29,eetehta.norm29,downeetehta.norm31,dblunderstroke.norm31
vala,atehta.norm20,atehta.norm20u4,downatehta.norm21,ytehta.norm20,downytehta.norm21,itehta.norm20,downitehta.norm21,etehta.norm20,downetehta.norm20,otehta.wide26,utehta.norm19,thinnas.norm21,dotinside.cond20,underbar.norm23,invatehta.norm20,overbar.norm20,engytehta.norm20,revetehta.norm20,yantatehta.norm20,uline4,ootehta.norm22,uutehta.norm19,eetehta.norm20,downeetehta.norm21,dblunderstroke.norm21
vala.conr,atehta.norm20,atehta.norm20u4,downatehta.norm21,ytehta.norm20,downytehta.norm21,itehta.norm20,downitehta.norm21,etehta.norm20,downetehta.norm20,otehta.wide26,utehta.norm19,thinnas.norm21,dotinside.cond20,underbar.norm23,invatehta.norm20,overbar.norm20,engytehta.norm20,revetehta.norm20,yantatehta.norm20,uline4,ootehta.norm22,uutehta.norm19,eetehta.norm20,downeetehta.norm21,dblunderstroke.norm21
vala.conl,atehta.norm20,atehta.norm20u4,downatehta.norm21,ytehta.norm20,downytehta.norm21,itehta.norm20,downitehta.norm21,etehta.norm20,downetehta.norm20,otehta.wide26,utehta.norm19,thinnas.norm21,dotinside.cond20,underbar.norm23,invatehta.norm20,overbar.norm20,engytehta.norm20,revetehta.norm20,yantatehta.norm20,uline4,ootehta.norm22,uutehta.norm19,eetehta.norm20,downeetehta.norm21,dblunderstroke.norm21
vala.conb,atehta.norm20,atehta.norm20u4,downatehta.norm21,ytehta.norm20,downytehta.norm21,itehta.norm20,downitehta.norm21,etehta.norm20,downetehta.norm20,otehta.wide26,utehta.norm19,thinnas.norm21,dotinside.cond20,underbar.norm23,invatehta.norm20,overbar.norm20,engytehta.norm20,revetehta.norm20,yantatehta.norm20,uline4,ootehta.norm22,uutehta.norm19,eetehta.norm20,downeetehta.norm21,dblunderstroke.norm21
malta,atehta.norm29,atehta.norm29u4,downatehta.norm31,ytehta.norm29,downytehta.norm31,itehta.norm29,downitehta.norm31,etehta.norm29,downetehta.norm29,otehta.wide29,utehta.norm29,thinnas.norm31,dotinside,underbar.wide32,invatehta.norm30,overbar.wide30,engytehta.wide30,revetehta.norm30,yantatehta.norm30,uline5,ootehta.wide29,uutehta.norm29,eetehta.norm30,downeetehta.norm31,dblunderstroke.norm31
malta.conr,atehta.norm29,atehta.norm29u4,downatehta.norm31,ytehta.norm29,downytehta.norm31,itehta.norm29,downitehta.norm31,etehta.norm29,downetehta.norm29,otehta.wide29,utehta.norm29,thinnas.norm31,dotinside,underbar.wide32,invatehta.norm30,overbar.wide30,engytehta.wide30,revetehta.norm30,yantatehta.norm30,uline5,ootehta.wide29,uutehta.norm29,eetehta.norm30,downeetehta.norm31,dblunderstroke.norm31
malta.conl,atehta.norm29,atehta.norm29u4,downatehta.norm31,ytehta.norm29,downytehta.norm31,itehta.norm29,downitehta.norm31,etehta.norm29,downetehta.norm29,otehta.wide29,utehta.norm29,thinnas.norm31,dotinside,underbar.wide32,invatehta.norm30,overbar.wide30,engytehta.wide30,revetehta.norm30,yantatehta.norm30,uline5,ootehta.wide29,uutehta.norm29,eetehta.norm30,downeetehta.norm31,dblunderstroke.norm31
malta.conb,atehta.norm29,atehta.norm29u4,downatehta.norm31,ytehta.norm29,downytehta.norm31,itehta.norm29,downitehta.norm31,etehta.norm29,downetehta.norm29,otehta.wide29,utehta.norm29,thinnas.norm31,dotinside,underbar.wide32,invatehta.norm30,overbar.wide30,engytehta.wide30,revetehta.norm30,yantatehta.norm30,uline5,ootehta.wide29,uutehta.norm29,eetehta.norm30,downeetehta.norm31,dblunderstroke.norm31
extformen,atehta.norm17,atehta.norm17u4,downatehta.norm18,ytehta.narrow17,downytehta.narrow18,itehta.norm19,downitehta.norm19,etehta.norm18,downetehta.narrow17,otehta.wide23,utehta.norm17,thinnas.norm19,dotinside.cond20,underbar.norm20,invatehta.norm17,overbar.norm20,engytehta.norm17,revetehta.norm17,yantatehta.norm17,uline6,ootehta.norm20,uutehta.norm17,eetehta.norm17,downeetehta.norm15,dblunderstroke.norm18
extformen.conr,atehta.norm17,atehta.norm17u4,downatehta.norm18,ytehta.narrow17,downytehta.narrow18,itehta.norm19,downitehta.norm19,etehta.norm18,downetehta.narrow17,otehta.wide23,utehta.norm17,thinnas.norm19,dotinside.cond20,underbar.norm20,invatehta.norm17,overbar.norm20,engytehta.norm17,revetehta.norm17,yantatehta.norm17,uline6,ootehta.norm20,uutehta.norm17,eetehta.norm17,downeetehta.norm15,dblunderstroke.norm18
extampa,atehta.norm28,atehta.norm28u4,downatehta.norm28,ytehta.norm28,downytehta.norm28,itehta.norm28,downitehta.norm28,etehta.norm28,downetehta.norm27,otehta.wide29,utehta.norm29,thinnas.norm29,dotinside,underbar.wide29,invatehta.norm29,overbar.wide30,engytehta.wide29,revetehta.norm29,yantatehta.norm29,uline7,ootehta.wide29,uutehta.norm29,eetehta.norm29,downeetehta.norm28,dblunderstroke.norm28
extampa.conr,atehta.norm28,atehta.norm28u4,downatehta.norm28,ytehta.norm28,downytehta.norm28,itehta.norm28,downitehta.norm28,etehta.norm28,downetehta.norm27,otehta.wide29,utehta.norm29,thinnas.norm29,dotinside,underbar.wide29,invatehta.norm29,overbar.wide30,engytehta.wide29,revetehta.norm29,yantatehta.norm29,uline7,ootehta.wide29,uutehta.norm29,eetehta.norm29,downeetehta.norm28,dblunderstroke.norm28
calma,atehta.norm19,atehta.norm19u4,downatehta.norm23,ytehta.norm19,downytehta.narrow23,itehta.norm19,downitehta.norm22,etehta.norm18,downetehta.norm20,otehta.norm18,utehta.norm19,thinnas.norm22,dotinside.norm21,underbar.norm21,invatehta.norm20,overbar.norm18,engytehta.norm20,revetehta.norm20,yantatehta.norm20,uline22,ootehta.norm18,uutehta.norm19,eetehta.norm20,downeetehta.norm23,dblunderstroke.norm23
calma.conr,atehta.norm19,atehta.norm19u4,downatehta.norm23,ytehta.norm19,downytehta.narrow23,itehta.norm19,downitehta.norm22,etehta.norm18,downetehta.norm20,otehta.norm18,utehta.norm19,thinnas.norm22,dotinside.norm21,underbar.norm21,invatehta.norm20,overbar.norm18,engytehta.norm20,revetehta.norm20,yantatehta.norm20,uline22,ootehta.norm18,uutehta.norm19,eetehta.norm20,downeetehta.norm23,dblunderstroke.norm23
anga,atehta.norm29,atehta.norm29u4,downatehta.norm33,ytehta.norm29,downytehta.norm33,itehta.norm29,downitehta.norm33,etehta.norm28,downetehta.norm29,otehta.wide36,utehta.norm29,thinnas.norm32,dotinside,underbar.wide31,invatehta.norm30,overbar.wide27,engytehta.wide30,revetehta.norm30,yantatehta.norm30,uline23,ootehta.wide29,uutehta.norm29,eetehta.norm30,downeetehta.norm33,dblunderstroke.norm33
anga.conr,atehta.norm29,atehta.norm29u4,downatehta.norm33,ytehta.norm29,downytehta.norm33,itehta.norm29,downitehta.norm33,etehta.norm28,downetehta.norm29,otehta.wide36,utehta.norm29,thinnas.norm32,dotinside,underbar.wide31,invatehta.norm30,overbar.wide27,engytehta.wide30,revetehta.norm30,yantatehta.norm30,uline23,ootehta.wide29,uutehta.norm29,eetehta.norm30,downeetehta.norm33,dblunderstroke.norm33
harma,atehta.norm23,atehta.norm23u4,downatehta.norm21,ytehta.narrow23,downytehta.norm21,itehta.norm23,downitehta.norm21,etehta.narrow25,downetehta.norm18,otehta.narrow27,utehta.narrow25,thinnas.norm21,dotinside.norm21,underbar.norm21,invatehta.norm23,overbar.norm21,engytehta.norm23,revetehta.norm23,yantatehta.norm23,uline2,ootehta.narrow27,uutehta.narrow25,eetehta.norm25,downeetehta.norm21,dblunderstroke.norm21
harma.conr,atehta.norm23,atehta.norm23u4,downatehta.norm21,ytehta.narrow23,downytehta.norm21,itehta.norm23,downitehta.norm21,etehta.narrow25,downetehta.norm18,otehta.narrow27,utehta.narrow25,thinnas.norm21,dotinside.norm21,underbar.norm21,invatehta.norm23,overbar.norm21,engytehta.norm23,revetehta.norm23,yantatehta.norm23,uline2,ootehta.narrow27,uutehta.narrow25,eetehta.norm25,downeetehta.norm21,dblunderstroke.norm21
anca,atehta.norm31,atehta.norm31u4,downatehta.norm31,ytehta.norm31,downytehta.norm31,itehta.norm31,downitehta.norm31,etehta.norm32,downetehta.norm29,otehta.wide36,utehta.norm31,thinnas.norm31,dotinside,underbar.wide31,invatehta.norm32,overbar.wide32,engytehta.wide32,revetehta.norm32,yantatehta.norm32,uline3,ootehta.norm39,uutehta.norm31,eetehta.norm32,downeetehta.norm31,dblunderstroke.norm31
anca.conr,atehta.norm31,atehta.norm31u4,downatehta.norm31,ytehta.norm31,downytehta.norm31,itehta.norm31,downitehta.norm31,etehta.norm32,downetehta.norm29,otehta.wide36,utehta.norm31,thinnas.norm31,dotinside,underbar.wide31,invatehta.norm32,overbar.wide32,engytehta.wide32,revetehta.norm32,yantatehta.norm32,uline3,ootehta.norm39,uutehta.norm31,eetehta.norm32,downeetehta.norm31,dblunderstroke.norm31
anna,atehta.norm19,atehta.norm19u4,downatehta.norm20,ytehta.norm19,downytehta.norm20,itehta.norm19,downitehta.norm20,etehta.norm18,downetehta.norm18,otehta.norm18,utehta.norm19,thinnas.norm20,dotinside.norm21,underbar.norm21,invatehta.norm20,overbar.norm18,engytehta.norm20,revetehta.norm20,yantatehta.norm20,uline2,ootehta.norm18,uutehta.norm19,eetehta.norm20,downeetehta.norm20,dblunderstroke.norm20
anna.conr,atehta.norm19,atehta.norm19u4,downatehta.norm20,ytehta.norm19,downytehta.norm20,itehta.norm19,downitehta.norm20,etehta.norm18,downetehta.norm18,otehta.norm18,utehta.norm19,thinnas.norm20,dotinside.norm21,underbar.norm21,invatehta.norm20,overbar.norm18,engytehta.norm20,revetehta.norm20,yantatehta.norm20,uline2,ootehta.norm18,uutehta.norm19,eetehta.norm20,downeetehta.norm20,dblunderstroke.norm20
anna.conrbot,atehta.norm19,atehta.norm19u4,downatehta.norm20,ytehta.norm19,downytehta.norm20,itehta.norm19,downitehta.norm20,etehta.norm18,downetehta.norm18,otehta.norm18,utehta.norm19,thinnas.norm20,dotinside.norm21,underbar.norm21,invatehta.norm20,overbar.norm18,engytehta.norm20,revetehta.norm20,yantatehta.norm20,uline2,ootehta.norm18,uutehta.norm19,eetehta.norm20,downeetehta.norm20,dblunderstroke.norm20
noldo,atehta.norm29,atehta.norm29u4,downatehta.norm29,ytehta.norm29,downytehta.norm29,itehta.norm29,downitehta.norm29,etehta.norm28,downetehta.norm29,otehta.wide36,utehta.norm29,thinnas.norm29,dotinside,underbar.wide31,invatehta.norm30,overbar.wide27,engytehta.wide30,revetehta.norm30,yantatehta.norm30,uline3,ootehta.wide29,uutehta.norm29,eetehta.norm30,downeetehta.norm29,dblunderstroke.norm29
noldo.conr,atehta.norm29,atehta.norm29u4,downatehta.norm29,ytehta.norm29,downytehta.norm29,itehta.norm29,downitehta.norm29,etehta.norm28,downetehta.norm29,otehta.wide36,utehta.norm29,thinnas.norm29,dotinside,underbar.wide31,invatehta.norm30,overbar.wide27,engytehta.wide30,revetehta.norm30,yantatehta.norm30,uline3,ootehta.wide29,uutehta.norm29,eetehta.norm30,downeetehta.norm29,dblunderstroke.norm29
noldo.conrbot,atehta.norm29,atehta.norm29u4,downatehta.norm29,ytehta.norm29,downytehta.norm29,itehta.norm29,downitehta.norm29,etehta.norm28,downetehta.norm29,otehta.wide36,utehta.norm29,thinnas.norm29,dotinside,underbar.wide31,invatehta.norm30,overbar.wide27,engytehta.wide30,revetehta.norm30,yantatehta.norm30,uline3,ootehta.wide29,uutehta.norm29,eetehta.norm30,downeetehta.norm29,dblunderstroke.norm29
extharma,atehta.norm23,atehta.norm23u4,downatehta.norm23,ytehta.narrow23,downytehta.narrow23,itehta.norm23,downitehta.norm22,etehta.narrow25,downetehta.norm20,otehta.narrow27,utehta.narrow25,thinnas.norm24,dotinside.norm21,underbar.norm21,invatehta.norm23,overbar.norm21,engytehta.norm23,revetehta.norm23,yantatehta.norm23,uline22,ootehta.narrow27,uutehta.narrow25,eetehta.norm25,downeetehta.norm23,dblunderstroke.norm23
extanca,atehta.norm31,atehta.norm31u4,downatehta.norm33,ytehta.norm31,downytehta.norm33,itehta.norm31,downitehta.norm33,etehta.norm32,downetehta.norm29,otehta.wide36,utehta.norm31,thinnas.norm33,dotinside,underbar.wide31,invatehta.norm32,overbar.wide32,engytehta.wide32,revetehta.norm32,yantatehta.norm32,uline23,ootehta.norm39,uutehta.norm31,eetehta.norm32,downeetehta.norm33,dblunderstroke.norm33
quesse,atehta.norm18,atehta.norm18u4,downatehta.norm23,ytehta.norm18,downytehta.narrow23,itehta.norm19,downitehta.norm22,etehta.norm19,downetehta.norm20,otehta.norm18,utehta.norm19,thinnas.norm22,dotinside.conu20,underbar.norm21,invatehta.norm18,overbar.norm18,engytehta.norm18,revetehta.norm18,yantatehta.norm18,uline22,ootehta.norm18,uutehta.norm19,eetehta.norm18,downeetehta.norm23,dblunderstroke.norm23
quesse.conr,atehta.norm18,atehta.norm18u4,downatehta.norm23,ytehta.norm18,downytehta.narrow23,itehta.norm19,downitehta.norm22,etehta.norm19,downetehta.norm20,otehta.norm18,utehta.norm19,thinnas.norm22,dotinside.conu20,underbar.norm21,invatehta.norm18,overbar.norm18,engytehta.norm18,revetehta.norm18,yantatehta.norm18,uline22,ootehta.norm18,uutehta.norm19,eetehta.norm18,downeetehta.norm23,dblunderstroke.norm23
quesse.conl,atehta.norm18,atehta.norm18u4,downatehta.norm23,ytehta.norm18,downytehta.narrow23,itehta.norm19,downitehta.norm22,etehta.norm19,downetehta.norm20,otehta.norm18,utehta.norm19,thinnas.norm22,dotinside.conu20,underbar.norm21,invatehta.norm18,overbar.norm18,engytehta.norm18,revetehta.norm18,yantatehta.norm18,uline22,ootehta.norm18,uutehta.norm19,eetehta.norm18,downeetehta.norm23,dblunderstroke.norm23
quesse.conb,atehta.norm18,atehta.norm18u4,downatehta.norm23,ytehta.norm18,downytehta.narrow23,itehta.norm19,downitehta.norm22,etehta.norm19,downetehta.norm20,otehta.norm18,utehta.norm19,thinnas.norm22,dotinside.conu20,underbar.norm21,invatehta.norm18,overbar.norm18,engytehta.norm18,revetehta.norm18,yantatehta.norm18,uline22,ootehta.norm18,uutehta.norm19,eetehta.norm18,downeetehta.norm23,dblunderstroke.norm23
ungwe,atehta.norm29,atehta.norm29u4,downatehta.norm32,ytehta.norm29,downytehta.norm32,itehta.norm29,downitehta.norm32,etehta.norm29,downetehta.norm29,otehta.wide29,utehta.norm29,thinnas.norm32,dotinside,underbar.wide31,invatehta.norm29,overbar.wide27,engytehta.wide29,revetehta.norm29,yantatehta.norm29,uline23,ootehta.wide29,uutehta.norm29,eetehta.norm29,downeetehta.norm32,dblunderstroke.norm32
ungwe.conr,atehta.norm29,atehta.norm29u4,downatehta.norm32,ytehta.norm29,downytehta.norm32,itehta.norm29,downitehta.norm32,etehta.norm29,downetehta.norm29,otehta.wide29,utehta.norm29,thinnas.norm32,dotinside,underbar.wide31,invatehta.norm29,overbar.wide27,engytehta.wide29,revetehta.norm29,yantatehta.norm29,uline23,ootehta.wide29,uutehta.norm29,eetehta.norm29,downeetehta.norm32,dblunderstroke.norm32
ungwe.conl,atehta.norm29,atehta.norm29u4,downatehta.norm32,ytehta.norm29,downytehta.norm32,itehta.norm29,downitehta.norm32,etehta.norm29,downetehta.norm29,otehta.wide29,utehta.norm29,thinnas.norm32,dotinside,underbar.wide31,invatehta.norm29,overbar.wide27,engytehta.wide29,revetehta.norm29,yantatehta.norm29,uline23,ootehta.wide29,uutehta.norm29,eetehta.norm29,downeetehta.norm32,dblunderstroke.norm32
ungwe.conb,atehta.norm29,atehta.norm29u4,downatehta.norm32,ytehta.norm29,downytehta.norm32,itehta.norm29,downitehta.norm32,etehta.norm29,downetehta.norm29,otehta.wide29,utehta.norm29,thinnas.norm32,dotinside,underbar.wide31,invatehta.norm29,overbar.wide27,engytehta.wide29,revetehta.norm29,yantatehta.norm29,uline23,ootehta.wide29,uutehta.norm29,eetehta.norm29,downeetehta.norm32,dblunderstroke.norm32
hwesta,atehta.norm23,atehta.norm23u4,downatehta.norm20,ytehta.narrow23,downytehta.norm20,itehta.norm21,downitehta.norm20,etehta.narrow25,downetehta.norm18,otehta.narrow27,utehta.narrow25,thinnas.norm20,dotinside.conu20,underbar.norm20,invatehta.norm22,overbar.norm21,engytehta.norm22,revetehta.norm22,yantatehta.norm22,uline2,ootehta.narrow27,uutehta.narrow25,eetehta.norm25,downeetehta.norm20,dblunderstroke.norm20
hwesta.conr,atehta.norm23,atehta.norm23u4,downatehta.norm20,ytehta.narrow23,downytehta.norm20,itehta.norm21,downitehta.norm20,etehta.narrow25,downetehta.norm18,otehta.narrow27,utehta.narrow25,thinnas.norm20,dotinside.conu20,underbar.norm20,invatehta.norm22,overbar.norm21,engytehta.norm22,revetehta.norm22,yantatehta.norm22,uline2,ootehta.narrow27,uutehta.narrow25,eetehta.norm25,downeetehta.norm20,dblunderstroke.norm20
hwesta.conl,atehta.norm23,atehta.norm23u4,downatehta.norm20,ytehta.narrow23,downytehta.norm20,itehta.norm21,downitehta.norm20,etehta.narrow25,downetehta.norm18,otehta.narrow27,utehta.narrow25,thinnas.norm20,dotinside.conu20,underbar.norm20,invatehta.norm22,overbar.norm21,engytehta.norm22,revetehta.norm22,yantatehta.norm22,uline2,ootehta.narrow27,uutehta.narrow25,eetehta.norm25,downeetehta.norm20,dblunderstroke.norm20
hwesta.conb,atehta.norm23,atehta.norm23u4,downatehta.norm20,ytehta.narrow23,downytehta.norm20,itehta.norm21,downitehta.norm20,etehta.narrow25,downetehta.norm18,otehta.narrow27,utehta.narrow25,thinnas.norm20,dotinside.conu20,underbar.norm20,invatehta.norm22,overbar.norm21,engytehta.norm22,revetehta.norm22,yantatehta.norm22,uline2,ootehta.narrow27,uutehta.narrow25,eetehta.norm25,downeetehta.norm20,dblunderstroke.norm20
unque,atehta.norm29,atehta.norm29u4,downatehta.norm30,ytehta.norm29,downytehta.norm30,itehta.norm29,downitehta.norm30,etehta.norm32,downetehta.norm27,otehta.wide36,utehta.norm31,thinnas.norm30,dotinside,underbar.wide29,invatehta.norm30,overbar.wide32,engytehta.wide30,revetehta.norm30,yantatehta.norm30,uline3,ootehta.norm39,uutehta.norm31,eetehta.norm32,downeetehta.norm30,dblunderstroke.norm30
unque.conr,atehta.norm29,atehta.norm29u4,downatehta.norm30,ytehta.norm29,downytehta.norm30,itehta.norm29,downitehta.norm30,etehta.norm32,downetehta.norm27,otehta.wide36,utehta.norm31,thinnas.norm30,dotinside,underbar.wide29,invatehta.norm30,overbar.wide32,engytehta.wide30,revetehta.norm30,yantatehta.norm30,uline3,ootehta.norm39,uutehta.norm31,eetehta.norm32,downeetehta.norm30,dblunderstroke.norm30
unque.conl,atehta.norm29,atehta.norm29u4,downatehta.norm30,ytehta.norm29,downytehta.norm30,itehta.norm29,downitehta.norm30,etehta.norm32,downetehta.norm27,otehta.wide36,utehta.norm31,thinnas.norm30,dotinside,underbar.wide29,invatehta.norm30,overbar.wide32,engytehta.wide30,revetehta.norm30,yantatehta.norm30,uline3,ootehta.norm39,uutehta.norm31,eetehta.norm32,downeetehta.norm30,dblunderstroke.norm30
unque.conb,atehta.norm29,atehta.norm29u4,downatehta.norm30,ytehta.norm29,downytehta.norm30,itehta.norm29,downitehta.norm30,etehta.norm32,downetehta.norm27,otehta.wide36,utehta.norm31,thinnas.norm30,dotinside,underbar.wide29,invatehta.norm30,overbar.wide32,engytehta.wide30,revetehta.norm30,yantatehta.norm30,uline3,ootehta.norm39,uutehta.norm31,eetehta.norm32,downeetehta.norm30,dblunderstroke.norm30
vilya,atehta.norm18,atehta.norm18u4,downatehta.norm19,ytehta.norm18,downytehta.norm19,itehta.norm19,downitehta.norm19,etehta.norm18,downetehta.norm18,otehta.norm18,utehta.norm19,thinnas.norm20,dotinside.conu20,underbar.norm20,invatehta.norm18,overbar.norm18,engytehta.norm18,revetehta.norm18,yantatehta.norm18,uline2,ootehta.norm18,uutehta.norm19,eetehta.norm18,downeetehta.norm19,dblunderstroke.norm19
vilya.conr,atehta.norm18,atehta.norm18u4,downatehta.norm19,ytehta.norm18,downytehta.norm19,itehta.norm19,downitehta.norm19,etehta.norm18,downetehta.norm18,otehta.norm18,utehta.norm19,thinnas.norm20,dotinside.conu20,underbar.norm20,invatehta.norm18,overbar.norm18,engytehta.norm18,revetehta.norm18,yantatehta.norm18,uline2,ootehta.norm18,uutehta.norm19,eetehta.norm18,downeetehta.norm19,dblunderstroke.norm19
vilya.conl,atehta.norm18,atehta.norm18u4,downatehta.norm19,ytehta.norm18,downytehta.norm19,itehta.norm19,downitehta.norm19,etehta.norm18,downetehta.norm18,otehta.norm18,utehta.norm19,thinnas.norm20,dotinside.conu20,underbar.norm20,invatehta.norm18,overbar.norm18,engytehta.norm18,revetehta.norm18,yantatehta.norm18,uline2,ootehta.norm18,uutehta.norm19,eetehta.norm18,downeetehta.norm19,dblunderstroke.norm19
vilya.conb,atehta.norm18,atehta.norm18u4,downatehta.norm19,ytehta.norm18,downytehta.norm19,itehta.norm19,downitehta.norm19,etehta.norm18,downetehta.norm18,otehta.norm18,utehta.norm19,thinnas.norm20,dotinside.conu20,underbar.norm20,invatehta.norm18,overbar.norm18,engytehta.norm18,revetehta.norm18,yantatehta.norm18,uline2,ootehta.norm18,uutehta.norm19,eetehta.norm18,downeetehta.norm19,dblunderstroke.norm19
vilya.conrbot,atehta.norm18,atehta.norm18u4,downatehta.norm19,ytehta.norm18,downytehta.norm19,itehta.norm19,downitehta.norm19,etehta.norm18,downetehta.norm18,otehta.norm18,utehta.norm19,thinnas.norm20,dotinside.conu20,underbar.norm20,invatehta.norm18,overbar.norm18,engytehta.norm18,revetehta.norm18,yantatehta.norm18,uline2,ootehta.norm18,uutehta.norm19,eetehta.norm18,downeetehta.norm19,dblunderstroke.norm19
vilya.conbbot,atehta.norm18,atehta.norm18u4,downatehta.norm19,ytehta.norm18,downytehta.norm19,itehta.norm19,downitehta.norm19,etehta.norm18,downetehta.norm18,otehta.norm18,utehta.norm19,thinnas.norm20,dotinside.conu20,underbar.norm20,invatehta.norm18,overbar.norm18,engytehta.norm18,revetehta.norm18,yantatehta.norm18,uline2,ootehta.norm18,uutehta.norm19,eetehta.norm18,downeetehta.norm19,dblunderstroke.norm19
nwalme,atehta.norm29,atehta.norm29u4,downatehta.norm29,ytehta.norm29,downytehta.norm29,itehta.norm29,downitehta.norm29,etehta.norm29,downetehta.norm27,otehta.wide29,utehta.norm29,thinnas.norm29,dotinside,underbar.wide29,invatehta.norm29,overbar.wide27,engytehta.wide29,revetehta.norm29,yantatehta.norm29,uline3,ootehta.wide29,uutehta.norm29,eetehta.norm29,downeetehta.norm29,dblunderstroke.norm29
nwalme.conr,atehta.norm29,atehta.norm29u4,downatehta.norm29,ytehta.norm29,downytehta.norm29,itehta.norm29,downitehta.norm29,etehta.norm29,downetehta.norm27,otehta.wide29,utehta.norm29,thinnas.norm29,dotinside,underbar.wide29,invatehta.norm29,overbar.wide27,engytehta.wide29,revetehta.norm29,yantatehta.norm29,uline3,ootehta.wide29,uutehta.norm29,eetehta.norm29,downeetehta.norm29,dblunderstroke.norm29
nwalme.conl,atehta.norm29,atehta.norm29u4,downatehta.norm29,ytehta.norm29,downytehta.norm29,itehta.norm29,downitehta.norm29,etehta.norm29,downetehta.norm27,otehta.wide29,utehta.norm29,thinnas.norm29,dotinside,underbar.wide29,invatehta.norm29,overbar.wide27,engytehta.wide29,revetehta.norm29,yantatehta.norm29,uline3,ootehta.wide29,uutehta.norm29,eetehta.norm29,downeetehta.norm29,dblunderstroke.norm29
nwalme.conb,atehta.norm29,atehta.norm29u4,downatehta.norm29,ytehta.norm29,downytehta.norm29,itehta.norm29,downitehta.norm29,etehta.norm29,downetehta.norm27,otehta.wide29,utehta.norm29,thinnas.norm29,dotinside,underbar.wide29,invatehta.norm29,overbar.wide27,engytehta.wide29,revetehta.norm29,yantatehta.norm29,uline3,ootehta.wide29,uutehta.norm29,eetehta.norm29,downeetehta.norm29,dblunderstroke.norm29
nwalme.conrbot,atehta.norm29,atehta.norm29u4,downatehta.norm29,ytehta.norm29,downytehta.norm29,itehta.norm29,downitehta.norm29,etehta.norm29,downetehta.norm27,otehta.wide29,utehta.norm29,thinnas.norm29,dotinside,underbar.wide29,invatehta.norm29,overbar.wide27,engytehta.wide29,revetehta.norm29,yantatehta.norm29,uline3,ootehta.wide29,uutehta.norm29,eetehta.norm29,downeetehta.norm29,dblunderstroke.norm29
nwalme.conbbot,atehta.norm29,atehta.norm29u4,downatehta.norm29,ytehta.norm29,downytehta.norm29,itehta.norm29,downitehta.norm29,etehta.norm29,downetehta.norm27,otehta.wide29,utehta.norm29,thinnas.norm29,dotinside,underbar.wide29,invatehta.norm29,overbar.wide27,engytehta.wide29,revetehta.norm29,yantatehta.norm29,uline3,ootehta.wide29,uutehta.norm29,eetehta.norm29,downeetehta.norm29,dblunderstroke.norm29
exthwesta,atehta.norm23,atehta.norm23u4,downatehta.norm22,ytehta.narrow23,downytehta.narrow22,itehta.norm21,downitehta.norm22,etehta.narrow25,downetehta.norm20,otehta.narrow27,utehta.narrow25,thinnas.norm23,dotinside.conu20,underbar.norm21,invatehta.norm22,overbar.norm21,engytehta.norm22,revetehta.norm22,yantatehta.norm22,uline22,ootehta.narrow27,uutehta.narrow25,eetehta.norm25,downeetehta.norm22,dblunderstroke.norm22
exthwesta.conl,atehta.norm23,atehta.norm23u4,downatehta.norm22,ytehta.narrow23,downytehta.narrow22,itehta.norm21,downitehta.norm22,etehta.narrow25,downetehta.norm20,otehta.narrow27,utehta.narrow25,thinnas.norm23,dotinside.conu20,underbar.norm21,invatehta.norm22,overbar.norm21,engytehta.norm22,revetehta.norm22,yantatehta.norm22,uline22,ootehta.narrow27,uutehta.narrow25,eetehta.norm25,downeetehta.norm22,dblunderstroke.norm22
extunque,atehta.norm31,atehta.norm31u4,downatehta.norm31,ytehta.norm31,downytehta.norm31,itehta.norm31,downitehta.norm31,etehta.norm32,downetehta.norm29,otehta.wide36,utehta.norm31,thinnas.norm31,dotinside,underbar.wide31,invatehta.norm30,overbar.wide32,engytehta.wide30,revetehta.norm30,yantatehta.norm30,uline23,ootehta.norm39,uutehta.norm31,eetehta.norm32,downeetehta.norm31,dblunderstroke.norm31
extunque.conl,atehta.norm31,atehta.norm31u4,downatehta.norm31,ytehta.norm31,downytehta.norm31,itehta.norm31,downitehta.norm31,etehta.norm32,downetehta.norm29,otehta.wide36,utehta.norm31,thinnas.norm31,dotinside,underbar.wide31,invatehta.norm30,overbar.wide32,engytehta.wide30,revetehta.norm30,yantatehta.norm30,uline23,ootehta.norm39,uutehta.norm31,eetehta.norm32,downeetehta.norm31,dblunderstroke.norm31
roomen,atehta.norm18,atehta.norm18u4,downatehta.norm,ytehta.norm18,downytehta.norm,itehta.norm18,downitehta.norm,etehta.norm18,downetehta.norm,otehta.norm22,utehta.wide22,thinnas.norm,dotinside.norm14,underbar.norm,invatehta.norm18,overbar.norm18,engytehta.norm18,revetehta.norm18,yantatehta.norm18,uline32,ootehta.norm18,uutehta.norm19,eetehta.norm18,downeetehta.norm,dblunderstroke.norm
roomen.conl,atehta.norm18,atehta.norm18u4,downatehta.norm,ytehta.norm18,downytehta.norm,itehta.norm18,downitehta.norm,etehta.norm18,downetehta.norm,otehta.norm22,utehta.wide22,thinnas.norm,dotinside.norm14,underbar.norm,invatehta.norm18,overbar.norm18,engytehta.norm18,revetehta.norm18,yantatehta.norm18,uline32,ootehta.norm18,uutehta.norm19,eetehta.norm18,downeetehta.norm,dblunderstroke.norm
roomen.open,atehta.norm18,atehta.norm18u4,downatehta.norm14d1,ytehta.norm18,downytehta.narrow14d2,itehta.norm18,downitehta.norm16d1,etehta.norm18,downetehta.narrow12,otehta.norm22,utehta.wide22,thinnas.norm15,dotinside.norm14,underbar.roomen,invatehta.norm18,overbar.norm18,engytehta.norm18,revetehta.norm18,yantatehta.norm18,uline33,ootehta.norm18,uutehta.norm19,eetehta.norm18,downeetehta.norm11d1,dblunderstroke.norm14d1
roomen.conl_open,atehta.norm18,atehta.norm18u4,downatehta.norm14d1,ytehta.norm18,downytehta.narrow14d2,itehta.norm18,downitehta.norm16d1,etehta.norm18,downetehta.narrow12,otehta.norm22,utehta.wide22,thinnas.norm15,dotinside.norm14,underbar.roomen,invatehta.norm18,overbar.norm18,engytehta.norm18,revetehta.norm18,yantatehta.norm18,uline33,ootehta.norm18,uutehta.norm19,eetehta.norm18,downeetehta.norm11d1,dblunderstroke.norm14d1
arda,atehta.norm18,atehta.norm18u4,downatehta.norm,ytehta.norm18,downytehta.norm,itehta.norm18,downitehta.norm,etehta.norm18,downetehta.norm,otehta.norm22,utehta.wide22,thinnas.norm,dotinside.norm14,underbar.norm,invatehta.norm18,overbar.norm18,engytehta.norm18,revetehta.norm18,yantatehta.norm18,uline32,ootehta.norm18,uutehta.norm19,eetehta.norm18,downeetehta.norm,dblunderstroke.norm
arda.conl,atehta.norm18,atehta.norm18u4,downatehta.norm,ytehta.norm18,downytehta.norm,itehta.norm18,downitehta.norm,etehta.norm18,downetehta.norm,otehta.norm22,utehta.wide22,thinnas.norm,dotinside.norm14,underbar.norm,invatehta.norm18,overbar.norm18,engytehta.norm18,revetehta.norm18,yantatehta.norm18,uline32,ootehta.norm18,uutehta.norm19,eetehta.norm18,downeetehta.norm,dblunderstroke.norm
arda.open,atehta.norm18,atehta.norm18u4,downatehta.norm14d1,ytehta.norm18,downytehta.narrow14d2,itehta.norm18,downitehta.norm16d1,etehta.norm18,downetehta.narrow12,otehta.norm22,utehta.wide22,thinnas.norm15,dotinside.norm14,underbar.roomen,invatehta.norm18,overbar.norm18,engytehta.norm18,revetehta.norm18,yantatehta.norm18,uline33,ootehta.norm18,uutehta.norm19,eetehta.norm18,downeetehta.norm11d1,dblunderstroke.norm14d1
arda.conl_open,atehta.norm18,atehta.norm18u4,downatehta.norm14d1,ytehta.norm18,downytehta.narrow14d2,itehta.norm18,downitehta.norm16d1,etehta.norm18,downetehta.narrow12,otehta.norm22,utehta.wide22,thinnas.norm15,dotinside.norm14,underbar.roomen,invatehta.norm18,overbar.norm18,engytehta.norm18,revetehta.norm18,yantatehta.norm18,uline33,ootehta.norm18,uutehta.norm19,eetehta.norm18,downeetehta.norm11d1,dblunderstroke.norm14d1
lambe,atehta.norm25,atehta.norm25u4,downatehta.lambe,ytehta.norm25,downytehta.lambe,itehta.norm25,downitehta.lambe,etehta.norm24,downetehta.lambe,otehta.wide26,utehta.norm25,thinnas.norm,dotinside.conu20,underbar.lambe,invatehta.norm25,overbar.lambe,engytehta.wide25,revetehta.norm25,yantatehta.norm25,uline34,ootehta.wide26,uutehta.norm25,eetehta.norm25,downeetehta.lambe,dblunderstroke.lambe
lambe.conr,atehta.norm25,atehta.norm25u4,downatehta.lambe,ytehta.norm25,downytehta.lambe,itehta.norm25,downitehta.lambe,etehta.norm24,downetehta.lambe,otehta.wide26,utehta.norm25,thinnas.norm,dotinside.conu20,underbar.lambe,invatehta.norm25,overbar.lambe,engytehta.wide25,revetehta.norm25,yantatehta.norm25,uline34,ootehta.wide26,uutehta.norm25,eetehta.norm25,downeetehta.lambe,dblunderstroke.lambe
lambe.conl,atehta.norm25,atehta.norm25u4,downatehta.lambe,ytehta.norm25,downytehta.lambe,itehta.norm25,downitehta.lambe,etehta.norm24,downetehta.lambe,otehta.wide26,utehta.norm25,thinnas.norm,dotinside.conu20,underbar.lambe,invatehta.norm25,overbar.lambe,engytehta.wide25,revetehta.norm25,yantatehta.norm25,uline34,ootehta.wide26,uutehta.norm25,eetehta.norm25,downeetehta.lambe,dblunderstroke.lambe
lambe.conb,atehta.norm25,atehta.norm25u4,downatehta.lambe,ytehta.norm25,downytehta.lambe,itehta.norm25,downitehta.lambe,etehta.norm24,downetehta.lambe,otehta.wide26,utehta.norm25,thinnas.norm,dotinside.conu20,underbar.lambe,invatehta.norm25,overbar.lambe,engytehta.wide25,revetehta.norm25,yantatehta.norm25,uline34,ootehta.wide26,uutehta.norm25,eetehta.norm25,downeetehta.lambe,dblunderstroke.lambe
lambe.conrbot,atehta.norm25,atehta.norm25u4,downatehta.lambe,ytehta.norm25,downytehta.lambe,itehta.norm25,downitehta.lambe,etehta.norm24,downetehta.lambe,otehta.wide26,utehta.norm25,thinnas.norm,dotinside.conu20,underbar.lambe,invatehta.norm25,overbar.lambe,engytehta.wide25,revetehta.norm25,yantatehta.norm25,uline34,ootehta.wide26,uutehta.norm25,eetehta.norm25,downeetehta.lambe,dblunderstroke.lambe
lambe.conbbot,atehta.norm25,atehta.norm25u4,downatehta.lambe,ytehta.norm25,downytehta.lambe,itehta.norm25,downitehta.lambe,etehta.norm24,downetehta.lambe,otehta.wide26,utehta.norm25,thinnas.norm,dotinside.conu20,underbar.lambe,invatehta.norm25,overbar.lambe,engytehta.wide25,revetehta.norm25,yantatehta.norm25,uline34,ootehta.wide26,uutehta.norm25,eetehta.norm25,downeetehta.lambe,dblunderstroke.lambe
alda,atehta.norm25,atehta.norm25u4,downatehta.norm35,ytehta.norm25,downytehta.narrow35,itehta.norm25,downitehta.norm35,etehta.norm24,downetehta.norm35,otehta.wide26,utehta.norm25,thinnas.norm26,dotinside.conu20,underbar.lambe,invatehta.norm25,overbar.lambe,engytehta.wide25,revetehta.norm25,yantatehta.norm25,uline35,ootehta.wide26,uutehta.norm25,eetehta.norm25,downeetehta.norm35,dblunderstroke.norm35
alda.conr,atehta.norm25,atehta.norm25u4,downatehta.norm35,ytehta.norm25,downytehta.narrow35,itehta.norm25,downitehta.norm35,etehta.norm24,downetehta.norm35,otehta.wide26,utehta.norm25,thinnas.norm26,dotinside.conu20,underbar.lambe,invatehta.norm25,overbar.lambe,engytehta.wide25,revetehta.norm25,yantatehta.norm25,uline35,ootehta.wide26,uutehta.norm25,eetehta.norm25,downeetehta.norm35,dblunderstroke.norm35
alda.conl,atehta.norm25,atehta.norm25u4,downatehta.norm35,ytehta.norm25,downytehta.narrow35,itehta.norm25,downitehta.norm35,etehta.norm24,downetehta.norm35,otehta.wide26,utehta.norm25,thinnas.norm26,dotinside.conu20,underbar.lambe,invatehta.norm25,overbar.lambe,engytehta.wide25,revetehta.norm25,yantatehta.norm25,uline35,ootehta.wide26,uutehta.norm25,eetehta.norm25,downeetehta.norm35,dblunderstroke.norm35
alda.conb,atehta.norm25,atehta.norm25u4,downatehta.norm35,ytehta.norm25,downytehta.narrow35,itehta.norm25,downitehta.norm35,etehta.norm24,downetehta.norm35,otehta.wide26,utehta.norm25,thinnas.norm26,dotinside.conu20,underbar.lambe,invatehta.norm25,overbar.lambe,engytehta.wide25,revetehta.norm25,yantatehta.norm25,uline35,ootehta.wide26,uutehta.norm25,eetehta.norm25,downeetehta.norm35,dblunderstroke.norm35
silme,atehta,atehta.norm,downatehta.norm19,ytehta.norm,downytehta.norm19,itehta.norm,downitehta.norm19,etehta.norm,downetehta.norm18,otehta,utehta,thinnas.norm18,dotinside.norm19,underbar.norm20,invatehta.norm,overbar.norm,engytehta.norm,revetehta.norm,yantatehta.norm,uline36,ootehta,uutehta,eetehta,downeetehta.norm19,dblunderstroke.norm19
silme.open,atehta.norm10d4,atehta.norm10d4,downatehta.norm19,ytehta.narrow10d2,downytehta.norm19,itehta.norm14d2,downitehta.norm19,etehta.norm14d2,downetehta.norm18,otehta.norm10,utehta.wide10,thinnas.norm18,dotinside.norm19,underbar.norm20,invatehta.norm,overbar.norm,engytehta.norm,revetehta.norm,yantatehta.norm,uline36,ootehta.norm11,uutehta.norm,eetehta.norm13d4,downeetehta.norm19,dblunderstroke.norm19
silme.flat,atehta.norm23u2,atehta.norm23u2,downatehta.norm19,ytehta.narrow23u2,downytehta.norm19,itehta.norm20u2,downitehta.norm19,etehta.narrow23,downetehta.norm18,otehta.narrow27,utehta.norm24u1,thinnas.norm18,dotinside.norm19,underbar.norm20,invatehta.norm16,overbar.norm,engytehta.norm16,revetehta.norm16,yantatehta.norm16,uline36,ootehta.narrow26,uutehta.norm19,eetehta.norm24,downeetehta.norm19,dblunderstroke.norm19
silme.lig,atehta,atehta.norm,downatehta.norm07,ytehta.norm,downytehta.norm07,itehta.norm,downitehta.norm07,etehta.norm,downetehta.norm05,otehta,utehta,thinnas.norm07,dotinside.norm04,underbar.norm,invatehta.norm,overbar.norm,engytehta.norm,revetehta.norm,yantatehta.norm,uline37,ootehta,uutehta.norm,eetehta,downeetehta.norm07,dblunderstroke.norm07
silme.lig_open,atehta.norm,atehta.norm,downatehta.norm07,ytehta.norm,downytehta.norm07,itehta.norm,downitehta.norm07,etehta.norm,downetehta.norm05,otehta.norm,utehta.norm,thinnas.norm07,dotinside.norm04,underbar.norm,invatehta.norm,overbar.norm,engytehta.norm,revetehta.norm,yantatehta.norm,uline37,ootehta,uutehta.norm,eetehta.norm,downeetehta.norm07,dblunderstroke.norm07
silme.lig_flat,atehta.norm09u2,atehta.norm09u2,downatehta.norm07,ytehta.narrow09u2,downytehta.norm07,itehta.norm06u2,downitehta.norm07,etehta.narrow08,downetehta.norm05,otehta.narrow11,utehta.norm10u1,thinnas.norm07,dotinside.norm04,underbar.norm,invatehta.norm,overbar.norm,engytehta.norm,revetehta.norm,yantatehta.norm,uline37,ootehta.narrow12,uutehta.norm,eetehta.norm11,downeetehta.norm07,dblunderstroke.norm07
silme.lig_harma,atehta.norm,atehta.norm,downatehta.norm,ytehta.norm,downytehta.norm,itehta.norm,downitehta.norm,etehta.norm,downetehta.norm,otehta,utehta,thinnas.norm,dotinside,underbar.norm,invatehta.norm,overbar.norm,engytehta.norm,revetehta.norm,yantatehta.norm,uline37,ootehta,uutehta.norm,eetehta,downeetehta.norm,dblunderstroke.norm
silmenuq,atehta.norm18,atehta.norm18u4,downatehta.norm23u2,ytehta.norm18,downytehta.narrow23u2,itehta.norm18,downitehta.norm23,etehta.norm18,downetehta.norm21u2,otehta.norm18,utehta.norm19,thinnas.norm24,dotinside.norm19,underbar.norm20,invatehta.norm18,overbar.norm18,engytehta.norm18,revetehta.norm18,yantatehta.norm18,uline38,ootehta.norm18,uutehta.norm19,eetehta.norm18,downeetehta.norm23u2,dblunderstroke.norm23u2
aare,atehta,atehta.norm,downatehta.norm19d7,ytehta.norm,downytehta.norm19d7,itehta.norm,downitehta.norm19d7,etehta.norm,downetehta.norm17d7,otehta.norm,utehta,thinnas.norm,dotinside,underbar.norm,invatehta.norm,overbar.norm,engytehta.norm,revetehta.norm,yantatehta.norm,uline39,ootehta,uutehta.norm,eetehta,downeetehta.norm19d7,dblunderstroke.norm19d7
aare.open,atehta.norm10d4,atehta.norm10d4,downatehta.norm19d7,ytehta.narrow10d4,downytehta.norm19d7,itehta.norm14d4,downitehta.norm19d7,etehta.norm13d2,downetehta.norm17d7,otehta.norm,utehta.wide10,thinnas.norm,dotinside,underbar.norm,invatehta.norm,overbar.norm,engytehta.norm,revetehta.norm,yantatehta.norm,uline39,ootehta.norm11,uutehta.norm,eetehta.norm13d4,downeetehta.norm19d7,dblunderstroke.norm19d7
aare.flat,atehta.norm23u2,atehta.norm23u2,downatehta.norm19d7,ytehta.narrow23u2,downytehta.norm19d7,itehta.norm20u2,downitehta.norm19d7,etehta.narrow23,downetehta.norm17d7,otehta.narrow27,utehta.norm24u1,thinnas.norm,dotinside,underbar.norm,invatehta.norm16,overbar.norm,engytehta.norm16,revetehta.norm16,yantatehta.norm16,uline39,ootehta.narrow26,uutehta.norm19,eetehta.norm25,downeetehta.norm19d7,dblunderstroke.norm19d7
aarenuq,atehta.norm18,atehta.norm18u4,downatehta.norm23,ytehta.norm18,downytehta.narrow23d2,itehta.norm18,downitehta.norm23d2,etehta.norm18,downetehta.norm18,otehta.norm18,utehta.norm19,thinnas.norm22,dotinside.norm19,underbar.norm,invatehta.norm18,overbar.norm18,engytehta.norm18,revetehta.norm18,yantatehta.norm18,uline40,ootehta.norm18,uutehta.norm19,eetehta.norm18,downeetehta.norm23,dblunderstroke.norm23
hyarmen,atehta.norm09u2,atehta.norm09u2,downatehta.norm18,ytehta.narrow09u2,downytehta.norm18,itehta.norm09u2,downitehta.norm19u2,etehta.norm10,downetehta.norm18u2,otehta.norm07,utehta.norm09,thinnas.norm20u2,dotinside,underbar.norm20,invatehta.norm11,overbar.norm,engytehta.norm11,revetehta.norm11,yantatehta.norm11,uline41,ootehta.norm14,uutehta.norm09,eetehta.norm11,downeetehta.norm18,dblunderstroke.norm18
hyarmen.conr,atehta.norm12u2,atehta.norm12u2,downatehta.norm21,ytehta.narrow12u2,downytehta.norm21,itehta.norm12u2,downitehta.norm21u2,etehta.norm13,downetehta.norm20u2,otehta.norm07,utehta.norm12,thinnas.norm22,dotinside,underbar.norm20,invatehta.norm11,overbar.norm,engytehta.norm11,revetehta.norm11,yantatehta.norm11,uline42,ootehta.norm18,uutehta.norm09,eetehta.norm11,downeetehta.norm21,dblunderstroke.norm21
hwestasin,atehta.norm27,atehta.norm27u4,downatehta.norm19,ytehta.narrow27,downytehta.norm19,itehta.norm25,downitehta.norm19,etehta.narrow30d1,downetehta.norm18,otehta.norm,utehta.narrow31,thinnas.norm22,dotinside.cond22,underbar.norm21,invatehta.norm30,overbar.norm,engytehta.wide30,revetehta.norm30,yantatehta.norm30,uline43,ootehta.narrow26,uutehta.norm31,eetehta.norm30,downeetehta.norm19,dblunderstroke.norm19
yanta,atehta.norm20,atehta.norm20u4,downatehta.norm19,ytehta.norm20,downytehta.norm19,itehta.norm20,downitehta.norm19u2,etehta.norm18,downetehta.norm18u2,otehta.norm18,utehta.norm21,thinnas.norm20u2,dotinside,underbar.norm20,invatehta.norm21,overbar.norm20,engytehta.norm21,revetehta.norm21,yantatehta.norm21,uline41,ootehta.norm18,uutehta.norm21,eetehta.norm21,downeetehta.norm19,dblunderstroke.norm19
yanta.conr,atehta.norm23,atehta.norm23u4,downatehta.norm21,ytehta.norm23,downytehta.norm21,itehta.norm23,downitehta.norm21u2,etehta.norm21,downetehta.norm20u2,otehta.norm18,utehta.norm21,thinnas.norm22,dotinside,underbar.norm20,invatehta.norm21,overbar.norm20,engytehta.norm21,revetehta.norm21,yantatehta.norm21,uline45,ootehta.norm20,uutehta.norm21,eetehta.norm21,downeetehta.norm21,dblunderstroke.norm21
uure,atehta.norm17,atehta.norm17u4,downatehta.norm18,ytehta.norm17,downytehta.norm18,itehta.norm17,downitehta.norm18,etehta.norm17,downetehta.norm18,otehta.norm18,utehta.norm17,thinnas.norm18,dotinside.norm19,underbar.norm20,invatehta.norm17,overbar.norm18,engytehta.norm17,revetehta.norm17,yantatehta.norm17,uline46,ootehta.norm14,uutehta.norm17,eetehta.norm17,downeetehta.norm18,dblunderstroke.norm18
uure.conr,atehta.norm19,atehta.norm19u4,downatehta.norm19,ytehta.norm19,downytehta.norm19,itehta.norm19,downitehta.norm19,etehta.norm19,downetehta.norm18,otehta.norm18,utehta.norm17,thinnas.norm19,dotinside.norm19,underbar.norm20,invatehta.norm17,overbar.norm18,engytehta.norm17,revetehta.norm17,yantatehta.norm17,uline47,ootehta.norm14,uutehta.norm17,eetehta.norm17,downeetehta.norm19,dblunderstroke.norm19
longcarr,atehta.norm10,atehta.norm10u4,downatehta.norm,ytehta.narrow10,downytehta.norm,itehta.norm10,downitehta.norm,etehta.norm10,downetehta.norm,otehta.norm07,utehta.norm09,thinnas.norm,dotinside,underbar.norm,invatehta.norm11,overbar.norm,engytehta.norm11,revetehta.norm11,yantatehta.norm11,uline48,ootehta.norm07,uutehta.norm09,eetehta.norm11,downeetehta.norm,dblunderstroke.norm
longcarr.conl,atehta.norm10,atehta.norm10u4,downatehta.norm,ytehta.narrow10,downytehta.norm,itehta.norm10,downitehta.norm,etehta.norm10,downetehta.norm,otehta.norm07,utehta.norm09,thinnas.norm,dotinside,underbar.norm,invatehta.norm11,overbar.norm,engytehta.norm11,revetehta.norm11,yantatehta.norm11,uline48,ootehta.norm07,uutehta.norm09,eetehta.norm11,downeetehta.norm,dblunderstroke.norm
halla,atehta,atehta.norm,downatehta.norm10,ytehta.norm,downytehta.narrow10,itehta.norm,downitehta.norm10,etehta.norm,downetehta.norm09,otehta.norm07,utehta,thinnas.norm10,dotinside,underbar.norm,invatehta.norm11,overbar.norm,engytehta.norm11,revetehta.norm11,yantatehta.norm11,uline49,ootehta,uutehta,eetehta,downeetehta.norm10,dblunderstroke.norm10
shortcarr,atehta.norm10,atehta.norm10u4,downatehta.norm10,ytehta.narrow10,downytehta.narrow10,itehta.norm10,downitehta.norm10,etehta.norm10,downetehta.norm09,otehta.norm07,utehta.norm09,thinnas.norm10,dotinside,underbar.norm,invatehta.norm11,overbar.norm,engytehta.norm11,revetehta.norm11,yantatehta.norm11,uline49,ootehta.norm07,uutehta.norm09,eetehta.norm11,downeetehta.norm10,dblunderstroke.norm10
shortcarr.conr,atehta.norm10,atehta.norm10u4,downatehta.norm10,ytehta.narrow10,downytehta.narrow10,itehta.norm10,downitehta.norm10,etehta.norm10,downetehta.norm09,otehta.norm07,utehta.norm09,thinnas.norm10,dotinside,underbar.norm,invatehta.norm11,overbar.norm,engytehta.norm11,revetehta.norm11,yantatehta.norm11,uline49,ootehta.norm07,uutehta.norm09,eetehta.norm11,downeetehta.norm10,dblunderstroke.norm10
shortcarr.conl,atehta.norm10,atehta.norm10u4,downatehta.norm10,ytehta.narrow10,downytehta.narrow10,itehta.norm10,downitehta.norm10,etehta.norm10,downetehta.norm09,otehta.norm07,utehta.norm09,thinnas.norm10,dotinside,underbar.norm,invatehta.norm11,overbar.norm,engytehta.norm11,revetehta.norm11,yantatehta.norm11,uline49,ootehta.norm07,uutehta.norm09,eetehta.norm11,downeetehta.norm10,dblunderstroke.norm10
shortcarr.conb,atehta.norm10,atehta.norm10u4,downatehta.norm10,ytehta.narrow10,downytehta.narrow10,itehta.norm10,downitehta.norm10,etehta.norm10,downetehta.norm09,otehta.norm07,utehta.norm09,thinnas.norm10,dotinside,underbar.norm,invatehta.norm11,overbar.norm,engytehta.norm11,revetehta.norm11,yantatehta.norm11,uline49,ootehta.norm07,uutehta.norm09,eetehta.norm11,downeetehta.norm10,dblunderstroke.norm10
mirroredosse,atehta.norm17,atehta.norm17u4,downatehta.norm17,ytehta.norm17,downytehta.norm17,itehta.norm17,downitehta.norm17,etehta.norm17,downetehta.norm16,otehta.norm,utehta.norm17,thinnas.norm17,dotinside.norm17,underbar.norm,invatehta.norm,overbar.norm18,engytehta.norm,revetehta.norm,yantatehta.norm,uline50,ootehta.norm18,uutehta.norm17,eetehta.norm17,downeetehta.norm17,dblunderstroke.norm17
wtengwa,atehta.norm17,atehta.norm17u4,downatehta.norm17,ytehta.norm17,downytehta.norm17,itehta.norm17,downitehta.norm17,etehta.norm17,downetehta.norm16,otehta.wide23,utehta.norm17,thinnas.norm17,dotinside.norm19,underbar.norm,invatehta.norm17,overbar.norm18,engytehta.norm17,revetehta.norm17,yantatehta.norm17,uline50,ootehta.norm18,uutehta.norm17,eetehta.norm17,downeetehta.norm17,dblunderstroke.norm17
atengwa.desc,atehta.norm17,atehta.norm17u4,downatehta.norm17,ytehta.norm17,downytehta.norm17,itehta.norm17,downitehta.norm17,etehta.norm15,downetehta.norm16,otehta.norm,utehta.norm14,thinnas.norm16,dotinside.norm17,underbar.norm,invatehta.norm14,overbar.norm,engytehta.norm14,revetehta.norm14,yantatehta.norm14,uline50,ootehta.norm14,uutehta.norm14,eetehta.norm14,downeetehta.norm17,dblunderstroke.norm17
wtengwa.desc,atehta.norm17,atehta.norm17u4,downatehta.norm,ytehta.norm17,downytehta.norm,itehta.norm17,downitehta.norm,etehta.norm17,downetehta.norm,otehta.wide23,utehta.norm17,thinnas.norm,dotinside.norm17,underbar.norm,invatehta.norm17,overbar.norm18,engytehta.norm17,revetehta.norm17,yantatehta.norm17,uline51,ootehta.norm18,uutehta.norm17,eetehta.norm17,downeetehta.norm,dblunderstroke.norm
atengwa,atehta.norm15,atehta.norm15u4,downatehta.norm15,ytehta.norm15,downytehta.norm15,itehta.norm15,downitehta.norm15,etehta.norm13,downetehta.norm14,otehta.norm,utehta.norm14,thinnas.norm16,dotinside.norm14,underbar.norm,invatehta.norm14,overbar.norm,engytehta.norm14,revetehta.norm14,yantatehta.norm14,uline52,ootehta.norm14,uutehta.norm14,eetehta.norm14,downeetehta.norm15,dblunderstroke.norm15
conncarr,atehta.norm17,atehta.norm17u4,downatehta.norm15,ytehta.norm17,downytehta.norm15,itehta.norm17,downitehta.norm15,etehta.norm17,downetehta.norm14,otehta.wide23,utehta.norm17,thinnas.norm16,dotinside,underbar.norm,invatehta.norm17,overbar.norm,engytehta.norm17,revetehta.norm17,yantatehta.norm17,uline53,ootehta.norm14,uutehta.norm17,eetehta.norm17,downeetehta.norm15,dblunderstroke.norm15
conncarr.long,atehta.norm17,atehta.norm17u4,downatehta.norm15,ytehta.norm17,downytehta.norm15,itehta.norm17,downitehta.norm15,etehta.norm17,downetehta.norm14,otehta.wide23,utehta.norm17,thinnas.norm16,dotinside,underbar.norm,invatehta.norm17,overbar.norm,engytehta.norm17,revetehta.norm17,yantatehta.norm17,uline53,ootehta.norm14,uutehta.norm17,eetehta.norm17,downeetehta.norm15,dblunderstroke.norm15
conncarr.conr,atehta.norm17,atehta.norm17u4,downatehta.norm15,ytehta.norm17,downytehta.norm15,itehta.norm17,downitehta.norm15,etehta.norm17,downetehta.norm14,otehta.wide23,utehta.norm17,thinnas.norm16,dotinside,underbar.norm,invatehta.norm17,overbar.norm,engytehta.norm17,revetehta.norm17,yantatehta.norm17,uline53,ootehta.norm14,uutehta.norm17,eetehta.norm17,downeetehta.norm15,dblunderstroke.norm15
openanna,atehta.norm18,atehta.norm18u4,downatehta.norm18,ytehta.norm18,downytehta.norm18,itehta.norm18,downitehta.norm18,etehta.norm18,downetehta.norm16,otehta.norm22,utehta.norm19,thinnas.norm19,dotinside.norm19,underbar.norm20,invatehta.norm18,overbar.norm18,engytehta.norm18,revetehta.norm18,yantatehta.norm18,uline54,ootehta.norm20,uutehta.norm19,eetehta.norm18,downeetehta.norm18,dblunderstroke.norm18
openanna.conl,atehta.norm18,atehta.norm18u4,downatehta.norm18,ytehta.norm18,downytehta.norm18,itehta.norm18,downitehta.norm18,etehta.norm18,downetehta.norm16,otehta.norm22,utehta.norm19,thinnas.norm19,dotinside.norm19,underbar.norm20,invatehta.norm18,overbar.norm18,engytehta.norm18,revetehta.norm18,yantatehta.norm18,uline54,ootehta.norm20,uutehta.norm19,eetehta.norm18,downeetehta.norm18,dblunderstroke.norm18
prefeanoreanqu,atehta.norm18,atehta.norm18u4,downatehta.norm22,ytehta.norm18,downytehta.narrow22,itehta.norm18,downitehta.norm22,etehta.norm18,downetehta.norm18,otehta.norm18,utehta.norm19,thinnas.norm21,dotinside.cond18,underbar.norm21,invatehta.norm18,overbar.norm18,engytehta.norm18,revetehta.norm18,yantatehta.norm18,uline55,ootehta.norm18,uutehta.norm19,eetehta.norm18,downeetehta.norm22,dblunderstroke.norm22
whtengwa,atehta,atehta.norm,downatehta.norm19,ytehta.norm,downytehta.norm19,itehta.norm,downitehta.norm19,etehta.norm,downetehta.norm18,otehta.norm,utehta,thinnas.norm19,dotinside,underbar.norm20,invatehta.norm,overbar.norm,engytehta.norm,revetehta.norm,yantatehta.norm,uline56,ootehta,uutehta,eetehta,downeetehta.norm19,dblunderstroke.norm19
whtengwa.var1,atehta,atehta.norm,downatehta.norm19,ytehta.norm,downytehta.norm19,itehta.norm,downitehta.norm19,etehta.norm,downetehta.norm18,otehta.norm,utehta,thinnas.norm19,dotinside.norm21,underbar.norm20,invatehta.norm,overbar.norm,engytehta.norm,revetehta.norm,yantatehta.norm,uline57,ootehta,uutehta,eetehta,downeetehta.norm19,dblunderstroke.norm19
whtengwa.var2,atehta,atehta.norm,downatehta.norm19,ytehta.norm,downytehta.norm19,itehta.norm,downitehta.norm19,etehta.norm,downetehta.norm18,otehta.norm,utehta,thinnas.norm19,dotinside,underbar.norm20,invatehta.norm,overbar.norm,engytehta.norm,revetehta.norm,yantatehta.norm,uline58,ootehta,uutehta,eetehta,downeetehta.norm19,dblunderstroke.norm19
mhtengwa,atehta.norm30,atehta.norm30u4,downatehta.norm35,ytehta.norm30,downytehta.narrow35,itehta.norm30,downitehta.norm35,etehta.norm29,downetehta.norm33,otehta.wide29,utehta.norm29,thinnas.norm36,dotinside,underbar.norm,invatehta.norm30,overbar.wide30,engytehta.wide30,revetehta.norm30,yantatehta.norm30,uline59,ootehta.wide29,uutehta.norm29,eetehta.norm30,downeetehta.norm35,dblunderstroke.norm35
beleriandicmh,atehta.norm20,atehta.norm20u4,downatehta.norm,ytehta.norm20,downytehta.norm,itehta.norm20,downitehta.norm,etehta.norm20,downetehta.norm,otehta.wide26,utehta.norm19,thinnas.norm,dotinside.cond20,underbar.norm,invatehta.norm20,overbar.norm20,engytehta.norm20,revetehta.norm20,yantatehta.norm20,uline60,ootehta.norm20,uutehta.norm19,eetehta.norm20,downeetehta.norm,dblunderstroke.norm
angwhtengwa,atehta.norm10,atehta.norm10u4,downatehta.norm15,ytehta.narrow10,downytehta.norm15,itehta.norm10,downitehta.norm15,etehta.norm15,downetehta.narrow12,otehta.norm07,utehta.norm09,thinnas.norm15,dotinside,underbar.norm20,invatehta.norm11,overbar.norm,engytehta.norm11,revetehta.norm11,yantatehta.norm11,uline61,ootehta.norm14,uutehta.norm09,eetehta.norm11,downeetehta.norm15,dblunderstroke.norm15
vaiya,atehta.norm20,atehta.norm20u4,downatehta.norm20,ytehta.norm20,downytehta.norm20,itehta.norm20,downitehta.norm20,etehta.norm20,downetehta.norm18,otehta.wide26,utehta.norm21,thinnas.norm21,dotinside.cond20,underbar.norm21,invatehta.norm25,overbar.norm,engytehta.wide25,revetehta.norm25,yantatehta.norm25,uline62,ootehta.norm20,uutehta.norm20,eetehta.norm20,downeetehta.norm20,dblunderstroke.norm20
sarince,atehta.norm,atehta.norm,downatehta.norm,ytehta.norm,downytehta.norm,itehta.norm,downitehta.norm,etehta.norm,downetehta.norm,otehta.norm,utehta.norm,thinnas.norm,dotinside,underbar.norm,invatehta.norm,overbar.norm,engytehta.norm,revetehta.norm,yantatehta.norm,uline63,ootehta.norm,uutehta.norm,eetehta.norm,downeetehta.norm,dblunderstroke.norm
sarince.high,atehta.norm19,atehta.norm19u4,downatehta.norm,ytehta.norm19,downytehta.norm,itehta.norm19,downitehta.norm,etehta.norm19,downetehta.norm,otehta.norm,utehta.norm17,thinnas.norm19,dotinside,underbar.norm,invatehta.norm,overbar.norm,engytehta.norm,revetehta.norm,yantatehta.norm,uline64,ootehta.norm18,uutehta.norm18,eetehta.norm18,downeetehta.norm,dblunderstroke.norm
tinco.dec,atehta.norm22u2,atehta.norm,downatehta.norm19,ytehta.norm,downytehta.norm,itehta.norm,downitehta.norm,etehta.norm,downetehta.norm,otehta.norm,utehta.norm,thinnas.norm19,dotinside.norm19,underbar.norm,invatehta.norm,overbar.norm,engytehta.norm,revetehta.norm,yantatehta.norm,uline65,ootehta.norm,uutehta.norm,eetehta.norm,downeetehta.norm,dblunderstroke.norm
parma.dec,atehta.norm22u2,atehta.norm,downatehta.norm19,ytehta.norm,downytehta.norm,itehta.norm,downitehta.norm,etehta.norm,downetehta.norm,otehta.norm,utehta.norm,thinnas.norm19,dotinside.cond20,underbar.norm,invatehta.norm,overbar.norm,engytehta.norm,revetehta.norm,yantatehta.norm,uline65,ootehta.norm,uutehta.norm,eetehta.norm,downeetehta.norm,dblunderstroke.norm
extthuule.dec,atehta.norm18u2,atehta.norm,downatehta.norm19,ytehta.norm,downytehta.norm,itehta.norm,downitehta.norm,etehta.norm,downetehta.norm,otehta.norm,utehta.norm,thinnas.norm19,dotinside.norm19,underbar.norm,invatehta.norm14,overbar.norm,engytehta.norm14,revetehta.norm14,yantatehta.norm14,uline65,ootehta.norm,uutehta.norm,eetehta.norm,downeetehta.norm,dblunderstroke.norm
extformen.dec,atehta.norm18u2,atehta.norm,downatehta.norm19,ytehta.norm,downytehta.norm,itehta.norm,downitehta.norm,etehta.norm,downetehta.norm,otehta.norm,utehta.norm,thinnas.norm19,dotinside.cond20,underbar.norm,invatehta.norm,overbar.norm,engytehta.norm,revetehta.norm,yantatehta.norm,uline65,ootehta.norm,uutehta.norm,eetehta.norm,downeetehta.norm,dblunderstroke.norm
ando.dec,atehta.norm32u2,atehta.norm,downatehta.norm31,ytehta.norm,downytehta.norm,itehta.norm,downitehta.norm,etehta.norm,downetehta.norm,otehta.norm,utehta.norm,thinnas.norm32,dotinside,underbar.norm,invatehta.norm,overbar.norm,engytehta.norm,revetehta.norm,yantatehta.norm,uline66,ootehta.norm,uutehta.norm,eetehta.norm,downeetehta.norm,dblunderstroke.norm
extanto.dec,atehta.norm29u2,atehta.norm,downatehta.norm31,ytehta.norm,downytehta.norm,itehta.norm,downitehta.norm,etehta.norm,downetehta.norm,otehta.norm,utehta.norm,thinnas.norm31,dotinside,underbar.norm,invatehta.norm,overbar.norm,engytehta.norm,revetehta.norm,yantatehta.norm,uline66,ootehta.norm,uutehta.norm,eetehta.norm,downeetehta.norm,dblunderstroke.norm
ampa.dec,atehta.norm32u2,atehta.norm,downatehta.norm33,ytehta.norm,downytehta.norm,itehta.norm,downitehta.norm,etehta.norm,downetehta.norm,otehta.norm,utehta.norm,thinnas.norm34,dotinside,underbar.norm,invatehta.norm,overbar.norm,engytehta.norm,revetehta.norm,yantatehta.norm,uline68,ootehta.norm,uutehta.norm,eetehta.norm,downeetehta.norm,dblunderstroke.norm
malta.dec,atehta.norm34u2,atehta.norm,downatehta.norm33,ytehta.norm,downytehta.norm,itehta.norm,downitehta.norm,etehta.norm,downetehta.norm,otehta.norm,utehta.norm,thinnas.norm34,dotinside,underbar.norm,invatehta.norm,overbar.norm,engytehta.norm,revetehta.norm,yantatehta.norm,uline68,ootehta.norm,uutehta.norm,eetehta.norm,downeetehta.norm,dblunderstroke.norm
thuule.dec,atehta.norm18u2,atehta.norm,downatehta.norm23,ytehta.norm,downytehta.norm,itehta.norm,downitehta.norm,etehta.norm,downetehta.norm,otehta.norm,utehta.norm,thinnas.norm23,dotinside.norm21,underbar.norm,invatehta.norm,overbar.norm,engytehta.norm,revetehta.norm,yantatehta.norm,uline67,ootehta.norm,uutehta.norm,eetehta.norm,downeetehta.norm,dblunderstroke.norm
oore.dec,atehta.norm22u2,atehta.norm,downatehta.norm23,ytehta.norm,downytehta.norm,itehta.norm,downitehta.norm,etehta.norm,downetehta.norm,otehta.norm,utehta.norm,thinnas.norm24,dotinside.norm19,underbar.norm,invatehta.norm,overbar.norm,engytehta.norm,revetehta.norm,yantatehta.norm,uline67,ootehta.norm,uutehta.norm,eetehta.norm,downeetehta.norm,dblunderstroke.norm
formen.dec,atehta.norm20u2,atehta.norm,downatehta.norm23,ytehta.norm,downytehta.norm,itehta.norm,downitehta.norm,etehta.norm,downetehta.norm,otehta.norm,utehta.norm,thinnas.norm24,dotinside.cond24,underbar.norm,invatehta.norm,overbar.norm,engytehta.norm,revetehta.norm,yantatehta.norm,uline67,ootehta.norm,uutehta.norm,eetehta.norm,downeetehta.norm,dblunderstroke.norm
vala.dec,atehta.norm24u2,atehta.norm,downatehta.norm23,ytehta.norm,downytehta.norm,itehta.norm,downitehta.norm,etehta.norm,downetehta.norm,otehta.norm,utehta.norm,thinnas.norm26,dotinside.cond24,underbar.norm,invatehta.norm,overbar.norm,engytehta.norm,revetehta.norm,yantatehta.norm,uline67,ootehta.norm,uutehta.norm,eetehta.norm,downeetehta.norm,dblunderstroke.norm
anto.dec,atehta.norm32u2,atehta.norm,downatehta.norm33,ytehta.norm,downytehta.norm,itehta.norm,downitehta.norm,etehta.norm,downetehta.norm,otehta.norm,utehta.norm,thinnas.norm34,dotinside,underbar.norm,invatehta.norm,overbar.norm,engytehta.norm,revetehta.norm,yantatehta.norm,uline68,ootehta.norm,uutehta.norm,eetehta.norm,downeetehta.norm,dblunderstroke.norm
nuumen.dec,atehta.norm34u2,atehta.norm,downatehta.norm33,ytehta.norm,downytehta.norm,itehta.norm,downitehta.norm,etehta.norm,downetehta.norm,otehta.norm,utehta.norm,thinnas.norm34,dotinside,underbar.norm,invatehta.norm,overbar.norm,engytehta.norm,revetehta.norm,yantatehta.norm,uline68,ootehta.norm,uutehta.norm,eetehta.norm,downeetehta.norm,dblunderstroke.norm
nwalme.dec,atehta.norm36u2,atehta.norm,downatehta.norm37,ytehta.norm,downytehta.norm,itehta.norm,downitehta.norm,etehta.norm,downetehta.norm,otehta.norm,utehta.norm,thinnas.norm36,dotinside,underbar.norm,invatehta.norm,overbar.norm,engytehta.norm,revetehta.norm,yantatehta.norm,uline68,ootehta.norm,uutehta.norm,eetehta.norm,downeetehta.norm,dblunderstroke.norm
umbar.dec,atehta.norm32u2,atehta.norm,downatehta.norm31,ytehta.norm,downytehta.norm,itehta.norm,downitehta.norm,etehta.norm,downetehta.norm,otehta.norm,utehta.norm,thinnas.norm31,dotinside,underbar.norm,invatehta.norm,overbar.norm,engytehta.norm,revetehta.norm,yantatehta.norm,uline69,ootehta.norm,uutehta.norm,eetehta.norm,downeetehta.norm,dblunderstroke.norm
extampa.dec,atehta.norm29u2,atehta.norm,downatehta.norm31,ytehta.norm,downytehta.norm,itehta.norm,downitehta.norm,etehta.norm,downetehta.norm,otehta.norm,utehta.norm,thinnas.norm31,dotinside,underbar.norm,invatehta.norm,overbar.norm,engytehta.norm,revetehta.norm,yantatehta.norm,uline69,ootehta.norm,uutehta.norm,eetehta.norm,downeetehta.norm,dblunderstroke.norm
calma.dec,atehta.norm24u2,atehta.norm,downatehta.norm31,ytehta.norm,downytehta.norm,itehta.norm,downitehta.norm,etehta.norm,downetehta.norm,otehta.wide26,utehta.norm,thinnas.norm30,dotinside.norm30,underbar.norm,invatehta.norm25,overbar.lambe,engytehta.wide25,revetehta.norm25,yantatehta.norm25,uline70,ootehta.norm,uutehta.norm,eetehta.norm,downeetehta.norm,dblunderstroke.norm
extharma.dec,atehta.norm34u2,atehta.norm,downatehta.norm31,ytehta.norm,downytehta.norm,itehta.norm,downitehta.norm,etehta.norm,downetehta.norm,otehta.norm,utehta.norm,thinnas.norm32,dotinside,underbar.norm,invatehta.norm,overbar.norm,engytehta.norm,revetehta.norm,yantatehta.norm,uline70,ootehta.norm,uutehta.norm,eetehta.norm,downeetehta.norm,dblunderstroke.norm
quesse.dec,atehta.norm24u2,atehta.norm,downatehta.norm33,ytehta.norm,downytehta.norm,itehta.norm,downitehta.norm,etehta.norm,downetehta.norm,otehta.norm,utehta.norm,thinnas.norm32,dotinside,underbar.norm,invatehta.norm,overbar.norm,engytehta.norm,revetehta.norm,yantatehta.norm,uline70,ootehta.norm,uutehta.norm,eetehta.norm,downeetehta.norm,dblunderstroke.norm
exthwesta.dec,atehta.norm32u2,atehta.norm,downatehta.norm31,ytehta.norm,downytehta.norm,itehta.norm,downitehta.norm,etehta.norm,downetehta.norm,otehta.norm,utehta.norm,thinnas.norm32,dotinside,underbar.norm,invatehta.norm,overbar.norm,engytehta.norm,revetehta.norm,yantatehta.norm,uline70,ootehta.norm,uutehta.norm,eetehta.norm,downeetehta.norm,dblunderstroke.norm
anga.dec,atehta.norm36u2,atehta.norm,downatehta.norm37,ytehta.norm,downytehta.norm,itehta.norm,downitehta.norm,etehta.norm,downetehta.norm,otehta.norm,utehta.norm,thinnas.norm39,dotinside,underbar.norm,invatehta.norm,overbar.norm,engytehta.norm,revetehta.norm,yantatehta.norm,uline71,ootehta.norm,uutehta.norm,eetehta.norm,downeetehta.norm,dblunderstroke.norm
ungwe.dec,atehta.norm36u2,atehta.norm,downatehta.norm39,ytehta.norm,downytehta.norm,itehta.norm,downitehta.norm,etehta.norm,downetehta.norm,otehta.norm,utehta.norm,thinnas.norm39,dotinside,underbar.norm,invatehta.norm,overbar.norm,engytehta.norm,revetehta.norm,yantatehta.norm,uline71,ootehta.norm,uutehta.norm,eetehta.norm,downeetehta.norm,dblunderstroke.norm
extunque.dec,atehta.norm39u2,atehta.norm,downatehta.norm39,ytehta.norm,downytehta.norm,itehta.norm,downitehta.norm,etehta.norm,downetehta.norm,otehta.norm,utehta.norm,thinnas.norm39,dotinside,underbar.norm,invatehta.norm14,overbar.norm,engytehta.norm14,revetehta.norm14,yantatehta.norm14,uline71,ootehta.norm,uutehta.norm,eetehta.norm,downeetehta.norm,dblunderstroke.norm
harma.dec,atehta.norm34u2,atehta.norm,downatehta.norm28,ytehta.norm,downytehta.norm,itehta.norm,downitehta.norm,etehta.norm,downetehta.norm,otehta.norm,utehta.norm,thinnas.norm28,dotinside.norm30,underbar.norm,invatehta.norm,overbar.norm,engytehta.norm,revetehta.norm,yantatehta.norm,uline72,ootehta.norm,uutehta.norm,eetehta.norm,downeetehta.norm,dblunderstroke.norm
anna.dec,atehta.norm26u2,atehta.norm,downatehta.norm28,ytehta.norm,downytehta.norm,itehta.norm,downitehta.norm,etehta.norm,downetehta.norm,otehta.norm,utehta.norm,thinnas.norm26,dotinside.norm30,underbar.norm,invatehta.norm,overbar.norm,engytehta.norm,revetehta.norm,yantatehta.norm,uline72,ootehta.norm,uutehta.norm,eetehta.norm,downeetehta.norm,dblunderstroke.norm
hwesta.dec,atehta.norm32u2,atehta.norm,downatehta.norm26,ytehta.norm,downytehta.norm,itehta.norm,downitehta.norm,etehta.norm,downetehta.norm,otehta.norm,utehta.norm,thinnas.norm28,dotinside,underbar.norm,invatehta.norm,overbar.norm,engytehta.norm,revetehta.norm,yantatehta.norm,uline72,ootehta.norm,uutehta.norm,eetehta.norm,downeetehta.norm,dblunderstroke.norm
vilya.dec,atehta.norm26u2,atehta.norm,downatehta.norm26,ytehta.norm,downytehta.norm,itehta.norm,downitehta.norm,etehta.norm,downetehta.norm,otehta.norm,utehta.norm,thinnas.norm25,dotinside,underbar.norm,invatehta.norm,overbar.norm,engytehta.norm,revetehta.norm,yantatehta.norm,uline72,ootehta.norm,uutehta.norm,eetehta.norm,downeetehta.norm,dblunderstroke.norm
anca.dec,atehta.norm39u2,atehta.norm,downatehta.norm37,ytehta.norm,downytehta.norm,itehta.norm,downitehta.norm,etehta.norm,downetehta.norm,otehta.norm,utehta.norm,thinnas.norm39,dotinside,underbar.norm,invatehta.norm,overbar.norm,engytehta.norm,revetehta.norm,yantatehta.norm,uline73,ootehta.norm,uutehta.norm,eetehta.norm,downeetehta.norm,dblunderstroke.norm
noldo.dec,atehta.norm36u2,atehta.norm,downatehta.norm37,ytehta.norm,downytehta.norm,itehta.norm,downitehta.norm,etehta.norm,downetehta.norm,otehta.norm,utehta.norm,thinnas.norm36,dotinside,underbar.norm,invatehta.norm,overbar.norm,engytehta.norm,revetehta.norm,yantatehta.norm,uline73,ootehta.norm,uutehta.norm,eetehta.norm,downeetehta.norm,dblunderstroke.norm
extanca.dec,atehta.norm39u2,atehta.norm,downatehta.norm39,ytehta.norm,downytehta.norm,itehta.norm,downitehta.norm,etehta.norm,downetehta.norm,otehta.norm,utehta.norm,thinnas.norm39,dotinside,underbar.norm,invatehta.norm,overbar.norm,engytehta.norm,revetehta.norm,yantatehta.norm,uline71,ootehta.norm,uutehta.norm,eetehta.norm,downeetehta.norm,dblunderstroke.norm
unque.dec,atehta.norm39u2,atehta.norm,downatehta.norm37,ytehta.norm,downytehta.norm,itehta.norm,downitehta.norm,etehta.norm,downetehta.norm,otehta.norm,utehta.norm,thinnas.norm39,dotinside,underbar.norm,invatehta.norm,overbar.norm,engytehta.norm,revetehta.norm,yantatehta.norm,uline73,ootehta.norm,uutehta.norm,eetehta.norm,downeetehta.norm,dblunderstroke.norm
longcarr.dec,atehta.norm12u2,atehta.norm,downatehta,ytehta.norm,downytehta.norm,itehta.norm,downitehta.norm,etehta.norm,downetehta.norm,otehta.norm,utehta.norm,thinnas.norm,dotinside,underbar.norm,invatehta.norm,overbar.norm,engytehta.norm,revetehta.norm,yantatehta.norm,uline74,ootehta.norm,uutehta.norm,eetehta.norm,downeetehta.norm,dblunderstroke.norm
halla.dec,atehta,atehta.norm,downatehta.norm12d2,ytehta.norm,downytehta.norm,itehta.norm,downitehta.norm,etehta.norm,downetehta.norm,otehta.norm,utehta.norm,thinnas.norm12,dotinside,underbar.norm,invatehta.norm,overbar.norm,engytehta.norm,revetehta.norm,yantatehta.norm,uline75,ootehta.norm,uutehta.norm,eetehta.norm,downeetehta.norm,dblunderstroke.norm
shortcarr.dec,atehta.norm12u2,atehta.norm,downatehta.norm12d2,ytehta.norm,downytehta.norm,itehta.norm,downitehta.norm,etehta.norm,downetehta.norm,otehta.norm,utehta.norm,thinnas.norm12,dotinside,underbar.norm,invatehta.norm,overbar.norm,engytehta.norm,revetehta.norm,yantatehta.norm,uline75,ootehta.norm,uutehta.norm,eetehta.norm,downeetehta.norm,dblunderstroke.norm
openanna.dec,atehta.norm24u2,atehta.norm,downatehta.norm26,ytehta.norm,downytehta.norm,itehta.norm,downitehta.norm,etehta.norm,downetehta.norm,otehta.norm,utehta.norm,thinnas.norm26,dotinside.norm30,underbar.norm,invatehta.norm,overbar.norm,engytehta.norm,revetehta.norm,yantatehta.norm,uline76,ootehta.norm,uutehta.norm,eetehta.norm,downeetehta.norm,dblunderstroke.norm
hyarmen.dec,atehta.norm12u2,atehta.norm,downatehta.norm28,ytehta.norm,downytehta.norm,itehta.norm,downitehta.norm,etehta.norm,downetehta.norm,otehta.norm,utehta.norm,thinnas.norm28,dotinside,underbar.norm,invatehta.norm,overbar.norm,engytehta.norm,revetehta.norm,yantatehta.norm,uline77,ootehta.norm,uutehta.norm,eetehta.norm,downeetehta.norm,dblunderstroke.norm
yanta.dec,atehta.norm24u2,atehta.norm,downatehta.norm26,ytehta.norm,downytehta.norm,itehta.norm,downitehta.norm,etehta.norm,downetehta.norm,otehta.norm,utehta.norm,thinnas.norm26,dotinside,underbar.norm,invatehta.norm,overbar.norm,engytehta.norm,revetehta.norm,yantatehta.norm,uline77,ootehta.norm,uutehta.norm,eetehta.norm,downeetehta.norm,dblunderstroke.norm
roomen.dec,atehta.norm20u2,atehta.norm18u4,downatehta.norm,ytehta.norm18,downytehta.norm,itehta.norm18,downitehta.norm,etehta.norm18,downetehta.norm,otehta.norm22,utehta.wide22,thinnas.norm,dotinside.norm14,underbar.norm,invatehta.norm18,overbar.norm18,engytehta.norm18,revetehta.norm18,yantatehta.norm18,uline32,ootehta.norm18,uutehta.norm19,eetehta.norm18,downeetehta.norm,dblunderstroke.norm
roomen.dec_open,atehta.norm20u2,atehta.norm18u4,downatehta.norm14d1,ytehta.norm18,downytehta.narrow14d2,itehta.norm18,downitehta.norm16d1,etehta.norm18,downetehta.narrow12,otehta.norm22,utehta.wide22,thinnas.norm15,dotinside.norm14,underbar.roomen,invatehta.norm18,overbar.norm18,engytehta.norm18,revetehta.norm18,yantatehta.norm18,uline33,ootehta.norm18,uutehta.norm19,eetehta.norm18,downeetehta.norm11d1,dblunderstroke.norm14d1
arda.dec,atehta.norm20u2,atehta.norm18u4,downatehta.norm,ytehta.norm18,downytehta.norm,itehta.norm18,downitehta.norm,etehta.norm18,downetehta.norm,otehta.norm22,utehta.wide22,thinnas.norm,dotinside.norm14,underbar.norm,invatehta.norm18,overbar.norm18,engytehta.norm18,revetehta.norm18,yantatehta.norm18,uline32,ootehta.norm18,uutehta.norm19,eetehta.norm18,downeetehta.norm,dblunderstroke.norm
arda.dec_open,atehta.norm20u2,atehta.norm18u4,downatehta.norm14d1,ytehta.norm18,downytehta.narrow14d2,itehta.norm18,downitehta.norm16d1,etehta.norm18,downetehta.narrow12,otehta.norm22,utehta.wide22,thinnas.norm15,dotinside.norm14,underbar.roomen,invatehta.norm18,overbar.norm18,engytehta.norm18,revetehta.norm18,yantatehta.norm18,uline33,ootehta.norm18,uutehta.norm19,eetehta.norm18,downeetehta.norm11d1,dblunderstroke.norm14d1
lambe.dec,atehta.norm29u2,atehta.norm,downatehta.lambe,ytehta.norm,downytehta.norm,itehta.norm,downitehta.norm,etehta.norm,downetehta.norm,otehta.wide26,utehta.norm,thinnas.norm,dotinside,underbar.norm,invatehta.norm25,overbar.lambe,engytehta.wide25,revetehta.norm25,yantatehta.norm25,uline78,ootehta.norm,uutehta.norm,eetehta.norm,downeetehta.norm,dblunderstroke.norm
alda.dec,atehta.norm29u2,atehta.norm,downatehta.norm39,ytehta.norm,downytehta.norm,itehta.norm,downitehta.norm,etehta.norm,downetehta.norm,otehta.norm,utehta.norm,thinnas.norm30,dotinside,underbar.norm,invatehta.norm,overbar.norm,engytehta.norm,revetehta.norm,yantatehta.norm,uline79,ootehta.norm,uutehta.norm,eetehta.norm,downeetehta.norm,dblunderstroke.norm
silme.dec,atehta,atehta.norm,downatehta.norm19,ytehta.norm,downytehta.norm19,itehta.norm,downitehta.norm19,etehta.norm,downetehta.norm18,otehta,utehta,thinnas.norm18,dotinside.norm19,underbar.norm20,invatehta.norm,overbar.norm,engytehta.norm,revetehta.norm,yantatehta.norm,uline36,ootehta,uutehta,eetehta,downeetehta.norm19,dblunderstroke.norm19
silme.dec_open,atehta.norm12d1,atehta.norm10d4,downatehta.norm19,ytehta.narrow10d2,downytehta.norm19,itehta.norm14d2,downitehta.norm19,etehta.norm14d2,downetehta.norm18,otehta.norm10,utehta.wide10,thinnas.norm18,dotinside.norm19,underbar.norm20,invatehta.norm,overbar.norm,engytehta.norm,revetehta.norm,yantatehta.norm,uline36,ootehta.norm11,uutehta.norm,eetehta.norm13d4,downeetehta.norm19,dblunderstroke.norm19
silme.dec_flat,atehta.norm24u4,atehta.norm23u2,downatehta.norm19,ytehta.narrow23u2,downytehta.norm19,itehta.norm20u2,downitehta.norm19,etehta.narrow23,downetehta.norm18,otehta.narrow27,utehta.norm24u1,thinnas.norm18,dotinside.norm19,underbar.norm20,invatehta.norm16,overbar.norm,engytehta.norm16,revetehta.norm16,yantatehta.norm16,uline36,ootehta.narrow26,uutehta.norm19,eetehta.norm24,downeetehta.norm19,dblunderstroke.norm19
silmenuq.dec,atehta.norm20u2,atehta.norm18u4,downatehta.norm23u2,ytehta.norm18,downytehta.narrow23u2,itehta.norm18,downitehta.norm23,etehta.norm18,downetehta.norm21u2,otehta.norm18,utehta.norm19,thinnas.norm24,dotinside.norm19,underbar.norm20,invatehta.norm18,overbar.norm18,engytehta.norm18,revetehta.norm18,yantatehta.norm18,uline38,ootehta.norm18,uutehta.norm19,eetehta.norm18,downeetehta.norm23u2,dblunderstroke.norm23u2
aare.dec,atehta,atehta.norm,downatehta.norm19d7,ytehta.norm,downytehta.norm19d7,itehta.norm,downitehta.norm19d7,etehta.norm,downetehta.norm17d7,otehta.norm,utehta,thinnas.norm,dotinside,underbar.norm,invatehta.norm,overbar.norm,engytehta.norm,revetehta.norm,yantatehta.norm,uline39,ootehta,uutehta.norm,eetehta,downeetehta.norm19d7,dblunderstroke.norm19d7
aare.dec_open,atehta.norm12d1,atehta.norm10d4,downatehta.norm19d7,ytehta.narrow10d4,downytehta.norm19d7,itehta.norm14d4,downitehta.norm19d7,etehta.norm13d2,downetehta.norm17d7,otehta.norm,utehta.wide10,thinnas.norm,dotinside,underbar.norm,invatehta.norm,overbar.norm,engytehta.norm,revetehta.norm,yantatehta.norm,uline39,ootehta.norm11,uutehta.norm,eetehta.norm13d4,downeetehta.norm19d7,dblunderstroke.norm19d7
aare.dec_flat,atehta.norm24u4,atehta.norm23u2,downatehta.norm19d7,ytehta.narrow23u2,downytehta.norm19d7,itehta.norm20u2,downitehta.norm19d7,etehta.narrow23,downetehta.norm17d7,otehta.narrow27,utehta.norm24u1,thinnas.norm,dotinside,underbar.norm,invatehta.norm16,overbar.norm,engytehta.norm16,revetehta.norm16,yantatehta.norm16,uline39,ootehta.narrow26,uutehta.norm19,eetehta.norm25,downeetehta.norm19d7,dblunderstroke.norm19d7
aarenuq.dec,atehta.norm20u2,atehta.norm18u4,downatehta.norm23,ytehta.norm18,downytehta.narrow23d2,itehta.norm18,downitehta.norm23d2,etehta.norm18,downetehta.norm18,otehta.norm18,utehta.norm19,thinnas.norm22,dotinside.norm19,underbar.norm,invatehta.norm18,overbar.norm18,engytehta.norm18,revetehta.norm18,yantatehta.norm18,uline40,ootehta.norm18,uutehta.norm19,eetehta.norm18,downeetehta.norm23,dblunderstroke.norm23
atengwa.dec,atehta.norm18u2,atehta.norm,downatehta.norm18,ytehta.norm,downytehta.norm,itehta.norm,downitehta.norm,etehta.norm,downetehta.norm,otehta.norm,utehta.norm,thinnas.norm18,dotinside.norm14,underbar.norm,invatehta.norm,overbar.norm,engytehta.norm,revetehta.norm,yantatehta.norm,uline57,ootehta.norm,uutehta.norm,eetehta.norm,downeetehta.norm,dblunderstroke.norm
mhtengwa.dec,atehta.norm34u2,atehta.norm,downatehta.norm39,ytehta.norm,downytehta.norm,itehta.norm,downitehta.norm,etehta.norm,downetehta.norm,otehta.norm,utehta.norm,thinnas.norm36,dotinside,underbar.norm,invatehta.norm,overbar.norm,engytehta.norm,revetehta.norm,yantatehta.norm,uline80,ootehta.norm,uutehta.norm,eetehta.norm,downeetehta.norm,dblunderstroke.norm
beleriandicmh.dec,atehta.norm24u2,atehta.norm,downatehta.norm37,ytehta.norm,downytehta.norm,itehta.norm,downitehta.norm,etehta.norm,downetehta.norm,otehta.norm,utehta.norm,thinnas.norm27,dotinside.cond24,underbar.norm,invatehta.norm,overbar.norm,engytehta.norm,revetehta.norm,yantatehta.norm,uline81,ootehta.norm,uutehta.norm,eetehta.norm,downeetehta.norm,dblunderstroke.norm
