"AllTengwar","OOtehtaShift","UUtehtaShift","EEtehtaShift","DownEEtehtaShift","DblUnderStrokeShift","AtehtaShift","DownAtehtaShift","YtehtaShift","DownYtehtaShift","ItehtaShift","DownItehtaShift","EtehtaShift","DownEtehtaShift","OtehtaShift","UtehtaShift","ThinnasShift","DotinsideShift","UnderbarShift","InvAtehtaShift","OverbarShift","EngYtehtaShift","RevEtehtaShift","YantatehtaShift","Underliners","UptehtaCliche"
"tinco","ootehta.norm22","uutehta.norm19","eetehta.norm20","downeetehta.norm15","dblunderstroke.norm18","atehta.norm20","downatehta.norm18","ytehta.norm20","downytehta.narrow18","itehta.norm20","downitehta.norm19","etehta.norm20","downetehta.narrow17","otehta.wide26","utehta.norm19","thinnas.norm18","dotinside.norm19","underbar.norm20","invatehta.norm20","overbar.norm20","engytehta.norm20","revetehta.norm20","yantatehta.norm20","uline0","uptehtacliche_tinco"
"tinco.conr","ootehta.norm22","uutehta.norm19","eetehta.norm20","downeetehta.norm15","dblunderstroke.norm18","atehta.norm20","downatehta.norm18","ytehta.norm20","downytehta.narrow18","itehta.norm20","downitehta.norm19","etehta.norm20","downetehta.narrow17","otehta.wide26","utehta.norm19","thinnas.norm18","dotinside.norm19","underbar.norm20","invatehta.norm20","overbar.norm20","engytehta.norm20","revetehta.norm20","yantatehta.norm20","uline0","uptehtacliche_tinco"
"tinco.conl","ootehta.norm22","uutehta.norm19","eetehta.norm20","downeetehta.norm15","dblunderstroke.norm18","atehta.norm20","downatehta.norm18","ytehta.norm20","downytehta.narrow18","itehta.norm20","downitehta.norm19","etehta.norm20","downetehta.narrow17","otehta.wide26","utehta.norm19","thinnas.norm18","dotinside.norm19","underbar.norm20","invatehta.norm20","overbar.norm20","engytehta.norm20","revetehta.norm20","yantatehta.norm20","uline0","uptehtacliche_tinco"
"tinco.conb","ootehta.norm22","uutehta.norm19","eetehta.norm20","downeetehta.norm15","dblunderstroke.norm18","atehta.norm20","downatehta.norm18","ytehta.norm20","downytehta.narrow18","itehta.norm20","downitehta.norm19","etehta.norm20","downetehta.narrow17","otehta.wide26","utehta.norm19","thinnas.norm18","dotinside.norm19","underbar.norm20","invatehta.norm20","overbar.norm20","engytehta.norm20","revetehta.norm20","yantatehta.norm20","uline0","uptehtacliche_tinco"
"ando","ootehta.wide29","uutehta.norm29","eetehta.norm30","downeetehta.norm28","dblunderstroke.norm28","atehta.norm29","downatehta.norm28","ytehta.norm29","downytehta.norm28","itehta.norm29","downitehta.norm28","etehta.norm29","downetehta.norm27","otehta.wide29","utehta.norm29","thinnas.norm30","dotinside","underbar.wide29","invatehta.norm30","overbar.wide30","engytehta.wide30","revetehta.norm30","yantatehta.norm30","uline1","uptehtacliche_ando"
"ando.conr","ootehta.wide29","uutehta.norm29","eetehta.norm30","downeetehta.norm28","dblunderstroke.norm28","atehta.norm29","downatehta.norm28","ytehta.norm29","downytehta.norm28","itehta.norm29","downitehta.norm28","etehta.norm29","downetehta.norm27","otehta.wide29","utehta.norm29","thinnas.norm30","dotinside","underbar.wide29","invatehta.norm30","overbar.wide30","engytehta.wide30","revetehta.norm30","yantatehta.norm30","uline1","uptehtacliche_ando"
"ando.conl","ootehta.wide29","uutehta.norm29","eetehta.norm30","downeetehta.norm28","dblunderstroke.norm28","atehta.norm29","downatehta.norm28","ytehta.norm29","downytehta.norm28","itehta.norm29","downitehta.norm28","etehta.norm29","downetehta.norm27","otehta.wide29","utehta.norm29","thinnas.norm30","dotinside","underbar.wide29","invatehta.norm30","overbar.wide30","engytehta.wide30","revetehta.norm30","yantatehta.norm30","uline1","uptehtacliche_ando"
"ando.conb","ootehta.wide29","uutehta.norm29","eetehta.norm30","downeetehta.norm28","dblunderstroke.norm28","atehta.norm29","downatehta.norm28","ytehta.norm29","downytehta.norm28","itehta.norm29","downitehta.norm28","etehta.norm29","downetehta.norm27","otehta.wide29","utehta.norm29","thinnas.norm30","dotinside","underbar.wide29","invatehta.norm30","overbar.wide30","engytehta.wide30","revetehta.norm30","yantatehta.norm30","uline1","uptehtacliche_ando"
"thuule","ootehta.norm20","uutehta.norm17","eetehta.norm17","downeetehta.norm22","dblunderstroke.norm22","atehta.norm17","downatehta.norm22","ytehta.narrow17","downytehta.norm22","itehta.norm19","downitehta.norm22","etehta.norm18","downetehta.norm20","otehta.wide23","utehta.norm17","thinnas.norm22","dotinside.norm19","underbar.norm23","invatehta.norm17","overbar.norm20","engytehta.norm17","revetehta.norm17","yantatehta.norm17","uline2","uptehtacliche_thuule"
"thuule.conr","ootehta.norm20","uutehta.norm17","eetehta.norm17","downeetehta.norm22","dblunderstroke.norm22","atehta.norm17","downatehta.norm22","ytehta.narrow17","downytehta.norm22","itehta.norm19","downitehta.norm22","etehta.norm18","downetehta.norm20","otehta.wide23","utehta.norm17","thinnas.norm22","dotinside.norm19","underbar.norm23","invatehta.norm17","overbar.norm20","engytehta.norm17","revetehta.norm17","yantatehta.norm17","uline2","uptehtacliche_thuule"
"anto","ootehta.wide29","uutehta.norm29","eetehta.norm29","downeetehta.norm31","dblunderstroke.norm31","atehta.norm28","downatehta.norm31","ytehta.norm28","downytehta.norm31","itehta.norm28","downitehta.norm31","etehta.norm28","downetehta.norm29","otehta.wide29","utehta.norm29","thinnas.norm32","dotinside","underbar.wide32","invatehta.norm29","overbar.wide30","engytehta.wide29","revetehta.norm29","yantatehta.norm29","uline3","uptehtacliche_ungwe"
"anto.conr","ootehta.wide29","uutehta.norm29","eetehta.norm29","downeetehta.norm31","dblunderstroke.norm31","atehta.norm28","downatehta.norm31","ytehta.norm28","downytehta.norm31","itehta.norm28","downitehta.norm31","etehta.norm28","downetehta.norm29","otehta.wide29","utehta.norm29","thinnas.norm32","dotinside","underbar.wide32","invatehta.norm29","overbar.wide30","engytehta.wide29","revetehta.norm29","yantatehta.norm29","uline3","uptehtacliche_ungwe"
"oore","ootehta.norm22","uutehta.norm19","eetehta.norm20","downeetehta.norm22","dblunderstroke.norm22","atehta.norm20","downatehta.norm22","ytehta.norm20","downytehta.norm22","itehta.norm20","downitehta.norm22","etehta.norm20","downetehta.norm20","otehta.wide26","utehta.norm19","thinnas.norm22","dotinside.norm19","underbar.norm23","invatehta.norm20","overbar.norm20","engytehta.norm20","revetehta.norm20","yantatehta.norm20","uline4","uptehtacliche_tinco"
"oore.conr","ootehta.norm22","uutehta.norm19","eetehta.norm20","downeetehta.norm22","dblunderstroke.norm22","atehta.norm20","downatehta.norm22","ytehta.norm20","downytehta.norm22","itehta.norm20","downitehta.norm22","etehta.norm20","downetehta.norm20","otehta.wide26","utehta.norm19","thinnas.norm22","dotinside.norm19","underbar.norm23","invatehta.norm20","overbar.norm20","engytehta.norm20","revetehta.norm20","yantatehta.norm20","uline4","uptehtacliche_tinco"
"oore.conl","ootehta.norm22","uutehta.norm19","eetehta.norm20","downeetehta.norm22","dblunderstroke.norm22","atehta.norm20","downatehta.norm22","ytehta.norm20","downytehta.norm22","itehta.norm20","downitehta.norm22","etehta.norm20","downetehta.norm20","otehta.wide26","utehta.norm19","thinnas.norm22","dotinside.norm19","underbar.norm23","invatehta.norm20","overbar.norm20","engytehta.norm20","revetehta.norm20","yantatehta.norm20","uline4","uptehtacliche_tinco"
"oore.conb","ootehta.norm22","uutehta.norm19","eetehta.norm20","downeetehta.norm22","dblunderstroke.norm22","atehta.norm20","downatehta.norm22","ytehta.norm20","downytehta.norm22","itehta.norm20","downitehta.norm22","etehta.norm20","downetehta.norm20","otehta.wide26","utehta.norm19","thinnas.norm22","dotinside.norm19","underbar.norm23","invatehta.norm20","overbar.norm20","engytehta.norm20","revetehta.norm20","yantatehta.norm20","uline4","uptehtacliche_tinco"
"nuumen","ootehta.wide29","uutehta.norm29","eetehta.norm30","downeetehta.norm31","dblunderstroke.norm31","atehta.norm29","downatehta.norm31","ytehta.norm29","downytehta.norm31","itehta.norm29","downitehta.norm31","etehta.norm29","downetehta.norm29","otehta.wide29","utehta.norm29","thinnas.norm32","dotinside","underbar.wide32","invatehta.norm30","overbar.wide30","engytehta.wide30","revetehta.norm30","yantatehta.norm30","uline5","uptehtacliche_ando"
"nuumen.conr","ootehta.wide29","uutehta.norm29","eetehta.norm30","downeetehta.norm31","dblunderstroke.norm31","atehta.norm29","downatehta.norm31","ytehta.norm29","downytehta.norm31","itehta.norm29","downitehta.norm31","etehta.norm29","downetehta.norm29","otehta.wide29","utehta.norm29","thinnas.norm32","dotinside","underbar.wide32","invatehta.norm30","overbar.wide30","engytehta.wide30","revetehta.norm30","yantatehta.norm30","uline5","uptehtacliche_ando"
"nuumen.conl","ootehta.wide29","uutehta.norm29","eetehta.norm30","downeetehta.norm31","dblunderstroke.norm31","atehta.norm29","downatehta.norm31","ytehta.norm29","downytehta.norm31","itehta.norm29","downitehta.norm31","etehta.norm29","downetehta.norm29","otehta.wide29","utehta.norm29","thinnas.norm32","dotinside","underbar.wide32","invatehta.norm30","overbar.wide30","engytehta.wide30","revetehta.norm30","yantatehta.norm30","uline5","uptehtacliche_ando"
"nuumen.conb","ootehta.wide29","uutehta.norm29","eetehta.norm30","downeetehta.norm31","dblunderstroke.norm31","atehta.norm29","downatehta.norm31","ytehta.norm29","downytehta.norm31","itehta.norm29","downitehta.norm31","etehta.norm29","downetehta.norm29","otehta.wide29","utehta.norm29","thinnas.norm32","dotinside","underbar.wide32","invatehta.norm30","overbar.wide30","engytehta.wide30","revetehta.norm30","yantatehta.norm30","uline5","uptehtacliche_ando"
"extthuule","ootehta.norm20","uutehta.norm17","eetehta.norm17","downeetehta.norm15","dblunderstroke.norm18","atehta.norm17","downatehta.norm18","ytehta.narrow17","downytehta.narrow18","itehta.norm19","downitehta.norm19","etehta.norm18","downetehta.narrow17","otehta.wide23","utehta.norm17","thinnas.norm18","dotinside.norm19","underbar.norm20","invatehta.norm17","overbar.norm20","engytehta.norm17","revetehta.norm17","yantatehta.norm17","uline6","uptehtacliche_thuule"
"extthuule.conr","ootehta.norm20","uutehta.norm17","eetehta.norm17","downeetehta.norm15","dblunderstroke.norm18","atehta.norm17","downatehta.norm18","ytehta.narrow17","downytehta.narrow18","itehta.norm19","downitehta.norm19","etehta.norm18","downetehta.narrow17","otehta.wide23","utehta.norm17","thinnas.norm18","dotinside.norm19","underbar.norm20","invatehta.norm17","overbar.norm20","engytehta.norm17","revetehta.norm17","yantatehta.norm17","uline6","uptehtacliche_thuule"
"extanto","ootehta.wide29","uutehta.norm29","eetehta.norm29","downeetehta.norm28","dblunderstroke.norm28","atehta.norm28","downatehta.norm28","ytehta.norm28","downytehta.norm28","itehta.norm28","downitehta.norm28","etehta.norm28","downetehta.norm27","otehta.wide29","utehta.norm29","thinnas.norm30","dotinside","underbar.wide29","invatehta.norm29","overbar.wide30","engytehta.wide29","revetehta.norm29","yantatehta.norm29","uline7","uptehtacliche_ungwe"
"extanto.conr","ootehta.wide29","uutehta.norm29","eetehta.norm29","downeetehta.norm28","dblunderstroke.norm28","atehta.norm28","downatehta.norm28","ytehta.norm28","downytehta.norm28","itehta.norm28","downitehta.norm28","etehta.norm28","downetehta.norm27","otehta.wide29","utehta.norm29","thinnas.norm30","dotinside","underbar.wide29","invatehta.norm29","overbar.wide30","engytehta.wide29","revetehta.norm29","yantatehta.norm29","uline7","uptehtacliche_ungwe"
"parma","ootehta.norm22","uutehta.norm19","eetehta.norm20","downeetehta.norm15","dblunderstroke.norm18","atehta.norm20","downatehta.norm18","ytehta.norm20","downytehta.narrow18","itehta.norm20","downitehta.norm19","etehta.norm20","downetehta.narrow17","otehta.wide26","utehta.norm19","thinnas.norm18","dotinside.cond20","underbar.norm20","invatehta.norm20","overbar.norm20","engytehta.norm20","revetehta.norm20","yantatehta.norm20","uline0","uptehtacliche_tinco"
"parma.conr","ootehta.norm22","uutehta.norm19","eetehta.norm20","downeetehta.norm15","dblunderstroke.norm18","atehta.norm20","downatehta.norm18","ytehta.norm20","downytehta.narrow18","itehta.norm20","downitehta.norm19","etehta.norm20","downetehta.narrow17","otehta.wide26","utehta.norm19","thinnas.norm18","dotinside.cond20","underbar.norm20","invatehta.norm20","overbar.norm20","engytehta.norm20","revetehta.norm20","yantatehta.norm20","uline0","uptehtacliche_tinco"
"parma.conl","ootehta.norm22","uutehta.norm19","eetehta.norm20","downeetehta.norm15","dblunderstroke.norm18","atehta.norm20","downatehta.norm18","ytehta.norm20","downytehta.narrow18","itehta.norm20","downitehta.norm19","etehta.norm20","downetehta.narrow17","otehta.wide26","utehta.norm19","thinnas.norm18","dotinside.cond20","underbar.norm20","invatehta.norm20","overbar.norm20","engytehta.norm20","revetehta.norm20","yantatehta.norm20","uline0","uptehtacliche_tinco"
"parma.conb","ootehta.norm22","uutehta.norm19","eetehta.norm20","downeetehta.norm15","dblunderstroke.norm18","atehta.norm20","downatehta.norm18","ytehta.norm20","downytehta.narrow18","itehta.norm20","downitehta.norm19","etehta.norm20","downetehta.narrow17","otehta.wide26","utehta.norm19","thinnas.norm18","dotinside.cond20","underbar.norm20","invatehta.norm20","overbar.norm20","engytehta.norm20","revetehta.norm20","yantatehta.norm20","uline0","uptehtacliche_tinco"
"umbar","ootehta.wide29","uutehta.norm29","eetehta.norm30","downeetehta.norm28","dblunderstroke.norm28","atehta.norm29","downatehta.norm28","ytehta.norm29","downytehta.norm28","itehta.norm29","downitehta.norm28","etehta.norm29","downetehta.norm27","otehta.wide29","utehta.norm29","thinnas.norm30","dotinside","underbar.wide29","invatehta.norm30","overbar.wide30","engytehta.wide30","revetehta.norm30","yantatehta.norm30","uline1","uptehtacliche_ando"
"umbar.conr","ootehta.wide29","uutehta.norm29","eetehta.norm30","downeetehta.norm28","dblunderstroke.norm28","atehta.norm29","downatehta.norm28","ytehta.norm29","downytehta.norm28","itehta.norm29","downitehta.norm28","etehta.norm29","downetehta.norm27","otehta.wide29","utehta.norm29","thinnas.norm30","dotinside","underbar.wide29","invatehta.norm30","overbar.wide30","engytehta.wide30","revetehta.norm30","yantatehta.norm30","uline1","uptehtacliche_ando"
"umbar.conl","ootehta.wide29","uutehta.norm29","eetehta.norm30","downeetehta.norm28","dblunderstroke.norm28","atehta.norm29","downatehta.norm28","ytehta.norm29","downytehta.norm28","itehta.norm29","downitehta.norm28","etehta.norm29","downetehta.norm27","otehta.wide29","utehta.norm29","thinnas.norm30","dotinside","underbar.wide29","invatehta.norm30","overbar.wide30","engytehta.wide30","revetehta.norm30","yantatehta.norm30","uline1","uptehtacliche_ando"
"umbar.conb","ootehta.wide29","uutehta.norm29","eetehta.norm30","downeetehta.norm28","dblunderstroke.norm28","atehta.norm29","downatehta.norm28","ytehta.norm29","downytehta.norm28","itehta.norm29","downitehta.norm28","etehta.norm29","downetehta.norm27","otehta.wide29","utehta.norm29","thinnas.norm30","dotinside","underbar.wide29","invatehta.norm30","overbar.wide30","engytehta.wide30","revetehta.norm30","yantatehta.norm30","uline1","uptehtacliche_ando"
"formen","ootehta.norm20","uutehta.norm17","eetehta.norm17","downeetehta.norm21","dblunderstroke.norm21","atehta.norm17","downatehta.norm21","ytehta.narrow17","downytehta.norm21","itehta.norm19","downitehta.norm21","etehta.norm18","downetehta.norm20","otehta.wide23","utehta.norm17","thinnas.norm21","dotinside.cond20","underbar.norm23","invatehta.norm17","overbar.norm20","engytehta.norm17","revetehta.norm17","yantatehta.norm17","uline2","uptehtacliche_thuule"
"formen.conr","ootehta.norm20","uutehta.norm17","eetehta.norm17","downeetehta.norm21","dblunderstroke.norm21","atehta.norm17","downatehta.norm21","ytehta.narrow17","downytehta.norm21","itehta.norm19","downitehta.norm21","etehta.norm18","downetehta.norm20","otehta.wide23","utehta.norm17","thinnas.norm21","dotinside.cond20","underbar.norm23","invatehta.norm17","overbar.norm20","engytehta.norm17","revetehta.norm17","yantatehta.norm17","uline2","uptehtacliche_thuule"
"ampa","ootehta.wide29","uutehta.norm29","eetehta.norm29","downeetehta.norm31","dblunderstroke.norm31","atehta.norm28","downatehta.norm31","ytehta.norm28","downytehta.norm31","itehta.norm28","downitehta.norm31","etehta.norm28","downetehta.norm29","otehta.wide29","utehta.norm29","thinnas.norm32","dotinside","underbar.wide32","invatehta.norm29","overbar.wide30","engytehta.wide29","revetehta.norm29","yantatehta.norm29","uline3","uptehtacliche_ungwe"
"ampa.conr","ootehta.wide29","uutehta.norm29","eetehta.norm29","downeetehta.norm31","dblunderstroke.norm31","atehta.norm28","downatehta.norm31","ytehta.norm28","downytehta.norm31","itehta.norm28","downitehta.norm31","etehta.norm28","downetehta.norm29","otehta.wide29","utehta.norm29","thinnas.norm32","dotinside","underbar.wide32","invatehta.norm29","overbar.wide30","engytehta.wide29","revetehta.norm29","yantatehta.norm29","uline3","uptehtacliche_ungwe"
"vala","ootehta.norm22","uutehta.norm19","eetehta.norm20","downeetehta.norm21","dblunderstroke.norm21","atehta.norm20","downatehta.norm21","ytehta.norm20","downytehta.norm21","itehta.norm20","downitehta.norm21","etehta.norm20","downetehta.norm20","otehta.wide26","utehta.norm19","thinnas.norm21","dotinside.cond20","underbar.norm23","invatehta.norm20","overbar.norm20","engytehta.norm20","revetehta.norm20","yantatehta.norm20","uline4","uptehtacliche_tinco"
"vala.conr","ootehta.norm22","uutehta.norm19","eetehta.norm20","downeetehta.norm21","dblunderstroke.norm21","atehta.norm20","downatehta.norm21","ytehta.norm20","downytehta.norm21","itehta.norm20","downitehta.norm21","etehta.norm20","downetehta.norm20","otehta.wide26","utehta.norm19","thinnas.norm21","dotinside.cond20","underbar.norm23","invatehta.norm20","overbar.norm20","engytehta.norm20","revetehta.norm20","yantatehta.norm20","uline4","uptehtacliche_tinco"
"vala.conl","ootehta.norm22","uutehta.norm19","eetehta.norm20","downeetehta.norm21","dblunderstroke.norm21","atehta.norm20","downatehta.norm21","ytehta.norm20","downytehta.norm21","itehta.norm20","downitehta.norm21","etehta.norm20","downetehta.norm20","otehta.wide26","utehta.norm19","thinnas.norm21","dotinside.cond20","underbar.norm23","invatehta.norm20","overbar.norm20","engytehta.norm20","revetehta.norm20","yantatehta.norm20","uline4","uptehtacliche_tinco"
"vala.conb","ootehta.norm22","uutehta.norm19","eetehta.norm20","downeetehta.norm21","dblunderstroke.norm21","atehta.norm20","downatehta.norm21","ytehta.norm20","downytehta.norm21","itehta.norm20","downitehta.norm21","etehta.norm20","downetehta.norm20","otehta.wide26","utehta.norm19","thinnas.norm21","dotinside.cond20","underbar.norm23","invatehta.norm20","overbar.norm20","engytehta.norm20","revetehta.norm20","yantatehta.norm20","uline4","uptehtacliche_tinco"
"malta","ootehta.wide29","uutehta.norm29","eetehta.norm30","downeetehta.norm31","dblunderstroke.norm31","atehta.norm29","downatehta.norm31","ytehta.norm29","downytehta.norm31","itehta.norm29","downitehta.norm31","etehta.norm29","downetehta.norm29","otehta.wide29","utehta.norm29","thinnas.norm31","dotinside","underbar.wide32","invatehta.norm30","overbar.wide30","engytehta.wide30","revetehta.norm30","yantatehta.norm30","uline5","uptehtacliche_ando"
"malta.conr","ootehta.wide29","uutehta.norm29","eetehta.norm30","downeetehta.norm31","dblunderstroke.norm31","atehta.norm29","downatehta.norm31","ytehta.norm29","downytehta.norm31","itehta.norm29","downitehta.norm31","etehta.norm29","downetehta.norm29","otehta.wide29","utehta.norm29","thinnas.norm31","dotinside","underbar.wide32","invatehta.norm30","overbar.wide30","engytehta.wide30","revetehta.norm30","yantatehta.norm30","uline5","uptehtacliche_ando"
"malta.conl","ootehta.wide29","uutehta.norm29","eetehta.norm30","downeetehta.norm31","dblunderstroke.norm31","atehta.norm29","downatehta.norm31","ytehta.norm29","downytehta.norm31","itehta.norm29","downitehta.norm31","etehta.norm29","downetehta.norm29","otehta.wide29","utehta.norm29","thinnas.norm31","dotinside","underbar.wide32","invatehta.norm30","overbar.wide30","engytehta.wide30","revetehta.norm30","yantatehta.norm30","uline5","uptehtacliche_ando"
"malta.conb","ootehta.wide29","uutehta.norm29","eetehta.norm30","downeetehta.norm31","dblunderstroke.norm31","atehta.norm29","downatehta.norm31","ytehta.norm29","downytehta.norm31","itehta.norm29","downitehta.norm31","etehta.norm29","downetehta.norm29","otehta.wide29","utehta.norm29","thinnas.norm31","dotinside","underbar.wide32","invatehta.norm30","overbar.wide30","engytehta.wide30","revetehta.norm30","yantatehta.norm30","uline5","uptehtacliche_ando"
"extformen","ootehta.norm20","uutehta.norm17","eetehta.norm17","downeetehta.norm15","dblunderstroke.norm18","atehta.norm17","downatehta.norm18","ytehta.narrow17","downytehta.narrow18","itehta.norm19","downitehta.norm19","etehta.norm18","downetehta.narrow17","otehta.wide23","utehta.norm17","thinnas.norm19","dotinside.cond20","underbar.norm20","invatehta.norm17","overbar.norm20","engytehta.norm17","revetehta.norm17","yantatehta.norm17","uline6","uptehtacliche_thuule"
"extformen.conr","ootehta.norm20","uutehta.norm17","eetehta.norm17","downeetehta.norm15","dblunderstroke.norm18","atehta.norm17","downatehta.norm18","ytehta.narrow17","downytehta.narrow18","itehta.norm19","downitehta.norm19","etehta.norm18","downetehta.narrow17","otehta.wide23","utehta.norm17","thinnas.norm19","dotinside.cond20","underbar.norm20","invatehta.norm17","overbar.norm20","engytehta.norm17","revetehta.norm17","yantatehta.norm17","uline6","uptehtacliche_thuule"
"extampa","ootehta.wide29","uutehta.norm29","eetehta.norm29","downeetehta.norm28","dblunderstroke.norm28","atehta.norm28","downatehta.norm28","ytehta.norm28","downytehta.norm28","itehta.norm28","downitehta.norm28","etehta.norm28","downetehta.norm27","otehta.wide29","utehta.norm29","thinnas.norm29","dotinside","underbar.wide29","invatehta.norm29","overbar.wide30","engytehta.wide29","revetehta.norm29","yantatehta.norm29","uline7","uptehtacliche_ungwe"
"extampa.conr","ootehta.wide29","uutehta.norm29","eetehta.norm29","downeetehta.norm28","dblunderstroke.norm28","atehta.norm28","downatehta.norm28","ytehta.norm28","downytehta.norm28","itehta.norm28","downitehta.norm28","etehta.norm28","downetehta.norm27","otehta.wide29","utehta.norm29","thinnas.norm29","dotinside","underbar.wide29","invatehta.norm29","overbar.wide30","engytehta.wide29","revetehta.norm29","yantatehta.norm29","uline7","uptehtacliche_ungwe"
"calma","ootehta.norm18","uutehta.norm19","eetehta.norm20","downeetehta.norm23","dblunderstroke.norm23","atehta.norm19","downatehta.norm23","ytehta.norm19","downytehta.narrow23","itehta.norm19","downitehta.norm22","etehta.norm18","downetehta.norm20","otehta.norm18","utehta.norm19","thinnas.norm22","dotinside.norm21","underbar.norm21","invatehta.norm20","overbar.norm18","engytehta.norm20","revetehta.norm20","yantatehta.norm20","uline22","uptehtacliche_tinco"
"calma.conr","ootehta.norm18","uutehta.norm19","eetehta.norm20","downeetehta.norm23","dblunderstroke.norm23","atehta.norm19","downatehta.norm23","ytehta.norm19","downytehta.narrow23","itehta.norm19","downitehta.norm22","etehta.norm18","downetehta.norm20","otehta.norm18","utehta.norm19","thinnas.norm22","dotinside.norm21","underbar.norm21","invatehta.norm20","overbar.norm18","engytehta.norm20","revetehta.norm20","yantatehta.norm20","uline22","uptehtacliche_tinco"
"anga","ootehta.wide29","uutehta.norm29","eetehta.norm30","downeetehta.norm33","dblunderstroke.norm33","atehta.norm29","downatehta.norm33","ytehta.norm29","downytehta.norm33","itehta.norm29","downitehta.norm33","etehta.norm28","downetehta.norm29","otehta.wide36","utehta.norm29","thinnas.norm32","dotinside","underbar.wide31","invatehta.norm30","overbar.wide27","engytehta.wide30","revetehta.norm30","yantatehta.norm30","uline23","uptehtacliche_ando"
"anga.conr","ootehta.wide29","uutehta.norm29","eetehta.norm30","downeetehta.norm33","dblunderstroke.norm33","atehta.norm29","downatehta.norm33","ytehta.norm29","downytehta.norm33","itehta.norm29","downitehta.norm33","etehta.norm28","downetehta.norm29","otehta.wide36","utehta.norm29","thinnas.norm32","dotinside","underbar.wide31","invatehta.norm30","overbar.wide27","engytehta.wide30","revetehta.norm30","yantatehta.norm30","uline23","uptehtacliche_ando"
"harma","ootehta.narrow27","uutehta.narrow25","eetehta.norm25","downeetehta.norm21","dblunderstroke.norm21","atehta.norm23","downatehta.norm21","ytehta.narrow23","downytehta.norm21","itehta.norm23","downitehta.norm21","etehta.narrow25","downetehta.norm18","otehta.narrow27","utehta.narrow25","thinnas.norm21","dotinside.norm21","underbar.norm21","invatehta.norm23","overbar.norm21","engytehta.norm23","revetehta.norm23","yantatehta.norm23","uline2","uptehtacliche_harma"
"harma.conr","ootehta.narrow27","uutehta.narrow25","eetehta.norm25","downeetehta.norm21","dblunderstroke.norm21","atehta.norm23","downatehta.norm21","ytehta.narrow23","downytehta.norm21","itehta.norm23","downitehta.norm21","etehta.narrow25","downetehta.norm18","otehta.narrow27","utehta.narrow25","thinnas.norm21","dotinside.norm21","underbar.norm21","invatehta.norm23","overbar.norm21","engytehta.norm23","revetehta.norm23","yantatehta.norm23","uline2","uptehtacliche_harma"
"anca","ootehta.norm39","uutehta.norm31","eetehta.norm32","downeetehta.norm31","dblunderstroke.norm31","atehta.norm31","downatehta.norm31","ytehta.norm31","downytehta.norm31","itehta.norm31","downitehta.norm31","etehta.norm32","downetehta.norm29","otehta.wide36","utehta.norm31","thinnas.norm31","dotinside","underbar.wide31","invatehta.norm32","overbar.wide32","engytehta.wide32","revetehta.norm32","yantatehta.norm32","uline3","uptehtacliche_anca"
"anca.conr","ootehta.norm39","uutehta.norm31","eetehta.norm32","downeetehta.norm31","dblunderstroke.norm31","atehta.norm31","downatehta.norm31","ytehta.norm31","downytehta.norm31","itehta.norm31","downitehta.norm31","etehta.norm32","downetehta.norm29","otehta.wide36","utehta.norm31","thinnas.norm31","dotinside","underbar.wide31","invatehta.norm32","overbar.wide32","engytehta.wide32","revetehta.norm32","yantatehta.norm32","uline3","uptehtacliche_anca"
"anna","ootehta.norm18","uutehta.norm19","eetehta.norm20","downeetehta.norm20","dblunderstroke.norm20","atehta.norm19","downatehta.norm20","ytehta.norm19","downytehta.norm20","itehta.norm19","downitehta.norm20","etehta.norm18","downetehta.norm18","otehta.norm18","utehta.norm19","thinnas.norm20","dotinside.norm21","underbar.norm21","invatehta.norm20","overbar.norm18","engytehta.norm20","revetehta.norm20","yantatehta.norm20","uline2","uptehtacliche_tinco"
"anna.conr","ootehta.norm18","uutehta.norm19","eetehta.norm20","downeetehta.norm20","dblunderstroke.norm20","atehta.norm19","downatehta.norm20","ytehta.norm19","downytehta.norm20","itehta.norm19","downitehta.norm20","etehta.norm18","downetehta.norm18","otehta.norm18","utehta.norm19","thinnas.norm20","dotinside.norm21","underbar.norm21","invatehta.norm20","overbar.norm18","engytehta.norm20","revetehta.norm20","yantatehta.norm20","uline2","uptehtacliche_tinco"
"anna.conrbot","ootehta.norm18","uutehta.norm19","eetehta.norm20","downeetehta.norm20","dblunderstroke.norm20","atehta.norm19","downatehta.norm20","ytehta.norm19","downytehta.norm20","itehta.norm19","downitehta.norm20","etehta.norm18","downetehta.norm18","otehta.norm18","utehta.norm19","thinnas.norm20","dotinside.norm21","underbar.norm21","invatehta.norm20","overbar.norm18","engytehta.norm20","revetehta.norm20","yantatehta.norm20","uline2","uptehtacliche_tinco"
"noldo","ootehta.wide29","uutehta.norm29","eetehta.norm30","downeetehta.norm29","dblunderstroke.norm29","atehta.norm29","downatehta.norm29","ytehta.norm29","downytehta.norm29","itehta.norm29","downitehta.norm29","etehta.norm28","downetehta.norm29","otehta.wide36","utehta.norm29","thinnas.norm29","dotinside","underbar.wide31","invatehta.norm30","overbar.wide27","engytehta.wide30","revetehta.norm30","yantatehta.norm30","uline3","uptehtacliche_ando"
"noldo.conr","ootehta.wide29","uutehta.norm29","eetehta.norm30","downeetehta.norm29","dblunderstroke.norm29","atehta.norm29","downatehta.norm29","ytehta.norm29","downytehta.norm29","itehta.norm29","downitehta.norm29","etehta.norm28","downetehta.norm29","otehta.wide36","utehta.norm29","thinnas.norm29","dotinside","underbar.wide31","invatehta.norm30","overbar.wide27","engytehta.wide30","revetehta.norm30","yantatehta.norm30","uline3","uptehtacliche_ando"
"noldo.conrbot","ootehta.wide29","uutehta.norm29","eetehta.norm30","downeetehta.norm29","dblunderstroke.norm29","atehta.norm29","downatehta.norm29","ytehta.norm29","downytehta.norm29","itehta.norm29","downitehta.norm29","etehta.norm28","downetehta.norm29","otehta.wide36","utehta.norm29","thinnas.norm29","dotinside","underbar.wide31","invatehta.norm30","overbar.wide27","engytehta.wide30","revetehta.norm30","yantatehta.norm30","uline3","uptehtacliche_ando"
"extharma","ootehta.narrow27","uutehta.narrow25","eetehta.norm25","downeetehta.norm23","dblunderstroke.norm23","atehta.norm23","downatehta.norm23","ytehta.narrow23","downytehta.narrow23","itehta.norm23","downitehta.norm22","etehta.narrow25","downetehta.norm20","otehta.narrow27","utehta.narrow25","thinnas.norm24","dotinside.norm21","underbar.norm21","invatehta.norm23","overbar.norm21","engytehta.norm23","revetehta.norm23","yantatehta.norm23","uline22","uptehtacliche_harma"
"extanca","ootehta.norm39","uutehta.norm31","eetehta.norm32","downeetehta.norm33","dblunderstroke.norm33","atehta.norm31","downatehta.norm33","ytehta.norm31","downytehta.norm33","itehta.norm31","downitehta.norm33","etehta.norm32","downetehta.norm29","otehta.wide36","utehta.norm31","thinnas.norm33","dotinside","underbar.wide31","invatehta.norm32","overbar.wide32","engytehta.wide32","revetehta.norm32","yantatehta.norm32","uline23","uptehtacliche_anca"
"quesse","ootehta.norm18","uutehta.norm19","eetehta.norm18","downeetehta.norm23","dblunderstroke.norm23","atehta.norm18","downatehta.norm23","ytehta.norm18","downytehta.narrow23","itehta.norm19","downitehta.norm22","etehta.norm19","downetehta.norm20","otehta.norm18","utehta.norm19","thinnas.norm22","dotinside.conu20","underbar.norm21","invatehta.norm18","overbar.norm18","engytehta.norm18","revetehta.norm18","yantatehta.norm18","uline22","uptehtacliche_quesse"
"quesse.conr","ootehta.norm18","uutehta.norm19","eetehta.norm18","downeetehta.norm23","dblunderstroke.norm23","atehta.norm18","downatehta.norm23","ytehta.norm18","downytehta.narrow23","itehta.norm19","downitehta.norm22","etehta.norm19","downetehta.norm20","otehta.norm18","utehta.norm19","thinnas.norm22","dotinside.conu20","underbar.norm21","invatehta.norm18","overbar.norm18","engytehta.norm18","revetehta.norm18","yantatehta.norm18","uline22","uptehtacliche_quesse"
"quesse.conl","ootehta.norm18","uutehta.norm19","eetehta.norm18","downeetehta.norm23","dblunderstroke.norm23","atehta.norm18","downatehta.norm23","ytehta.norm18","downytehta.narrow23","itehta.norm19","downitehta.norm22","etehta.norm19","downetehta.norm20","otehta.norm18","utehta.norm19","thinnas.norm22","dotinside.conu20","underbar.norm21","invatehta.norm18","overbar.norm18","engytehta.norm18","revetehta.norm18","yantatehta.norm18","uline22","uptehtacliche_quesse"
"quesse.conb","ootehta.norm18","uutehta.norm19","eetehta.norm18","downeetehta.norm23","dblunderstroke.norm23","atehta.norm18","downatehta.norm23","ytehta.norm18","downytehta.narrow23","itehta.norm19","downitehta.norm22","etehta.norm19","downetehta.norm20","otehta.norm18","utehta.norm19","thinnas.norm22","dotinside.conu20","underbar.norm21","invatehta.norm18","overbar.norm18","engytehta.norm18","revetehta.norm18","yantatehta.norm18","uline22","uptehtacliche_quesse"
"ungwe","ootehta.wide29","uutehta.norm29","eetehta.norm29","downeetehta.norm32","dblunderstroke.norm32","atehta.norm29","downatehta.norm32","ytehta.norm29","downytehta.norm32","itehta.norm29","downitehta.norm32","etehta.norm29","downetehta.norm29","otehta.wide29","utehta.norm29","thinnas.norm32","dotinside","underbar.wide31","invatehta.norm29","overbar.wide27","engytehta.wide29","revetehta.norm29","yantatehta.norm29","uline23","uptehtacliche_ungwe"
"ungwe.conr","ootehta.wide29","uutehta.norm29","eetehta.norm29","downeetehta.norm32","dblunderstroke.norm32","atehta.norm29","downatehta.norm32","ytehta.norm29","downytehta.norm32","itehta.norm29","downitehta.norm32","etehta.norm29","downetehta.norm29","otehta.wide29","utehta.norm29","thinnas.norm32","dotinside","underbar.wide31","invatehta.norm29","overbar.wide27","engytehta.wide29","revetehta.norm29","yantatehta.norm29","uline23","uptehtacliche_ungwe"
"ungwe.conl","ootehta.wide29","uutehta.norm29","eetehta.norm29","downeetehta.norm32","dblunderstroke.norm32","atehta.norm29","downatehta.norm32","ytehta.norm29","downytehta.norm32","itehta.norm29","downitehta.norm32","etehta.norm29","downetehta.norm29","otehta.wide29","utehta.norm29","thinnas.norm32","dotinside","underbar.wide31","invatehta.norm29","overbar.wide27","engytehta.wide29","revetehta.norm29","yantatehta.norm29","uline23","uptehtacliche_ungwe"
"ungwe.conb","ootehta.wide29","uutehta.norm29","eetehta.norm29","downeetehta.norm32","dblunderstroke.norm32","atehta.norm29","downatehta.norm32","ytehta.norm29","downytehta.norm32","itehta.norm29","downitehta.norm32","etehta.norm29","downetehta.norm29","otehta.wide29","utehta.norm29","thinnas.norm32","dotinside","underbar.wide31","invatehta.norm29","overbar.wide27","engytehta.wide29","revetehta.norm29","yantatehta.norm29","uline23","uptehtacliche_ungwe"
"hwesta","ootehta.narrow27","uutehta.narrow25","eetehta.norm25","downeetehta.norm20","dblunderstroke.norm20","atehta.norm23","downatehta.norm20","ytehta.narrow23","downytehta.norm20","itehta.norm21","downitehta.norm20","etehta.narrow25","downetehta.norm18","otehta.narrow27","utehta.narrow25","thinnas.norm20","dotinside.conu20","underbar.norm20","invatehta.norm22","overbar.norm21","engytehta.norm22","revetehta.norm22","yantatehta.norm22","uline2","uptehtacliche_hwesta"
"hwesta.conr","ootehta.narrow27","uutehta.narrow25","eetehta.norm25","downeetehta.norm20","dblunderstroke.norm20","atehta.norm23","downatehta.norm20","ytehta.narrow23","downytehta.norm20","itehta.norm21","downitehta.norm20","etehta.narrow25","downetehta.norm18","otehta.narrow27","utehta.narrow25","thinnas.norm20","dotinside.conu20","underbar.norm20","invatehta.norm22","overbar.norm21","engytehta.norm22","revetehta.norm22","yantatehta.norm22","uline2","uptehtacliche_hwesta"
"hwesta.conl","ootehta.narrow27","uutehta.narrow25","eetehta.norm25","downeetehta.norm20","dblunderstroke.norm20","atehta.norm23","downatehta.norm20","ytehta.narrow23","downytehta.norm20","itehta.norm21","downitehta.norm20","etehta.narrow25","downetehta.norm18","otehta.narrow27","utehta.narrow25","thinnas.norm20","dotinside.conu20","underbar.norm20","invatehta.norm22","overbar.norm21","engytehta.norm22","revetehta.norm22","yantatehta.norm22","uline2","uptehtacliche_hwesta"
"hwesta.conb","ootehta.narrow27","uutehta.narrow25","eetehta.norm25","downeetehta.norm20","dblunderstroke.norm20","atehta.norm23","downatehta.norm20","ytehta.narrow23","downytehta.norm20","itehta.norm21","downitehta.norm20","etehta.narrow25","downetehta.norm18","otehta.narrow27","utehta.narrow25","thinnas.norm20","dotinside.conu20","underbar.norm20","invatehta.norm22","overbar.norm21","engytehta.norm22","revetehta.norm22","yantatehta.norm22","uline2","uptehtacliche_hwesta"
"unque","ootehta.norm39","uutehta.norm31","eetehta.norm32","downeetehta.norm30","dblunderstroke.norm30","atehta.norm29","downatehta.norm30","ytehta.norm29","downytehta.norm30","itehta.norm29","downitehta.norm30","etehta.norm32","downetehta.norm27","otehta.wide36","utehta.norm31","thinnas.norm30","dotinside","underbar.wide29","invatehta.norm30","overbar.wide32","engytehta.wide30","revetehta.norm30","yantatehta.norm30","uline3","uptehtacliche_unque"
"unque.conr","ootehta.norm39","uutehta.norm31","eetehta.norm32","downeetehta.norm30","dblunderstroke.norm30","atehta.norm29","downatehta.norm30","ytehta.norm29","downytehta.norm30","itehta.norm29","downitehta.norm30","etehta.norm32","downetehta.norm27","otehta.wide36","utehta.norm31","thinnas.norm30","dotinside","underbar.wide29","invatehta.norm30","overbar.wide32","engytehta.wide30","revetehta.norm30","yantatehta.norm30","uline3","uptehtacliche_unque"
"unque.conl","ootehta.norm39","uutehta.norm31","eetehta.norm32","downeetehta.norm30","dblunderstroke.norm30","atehta.norm29","downatehta.norm30","ytehta.norm29","downytehta.norm30","itehta.norm29","downitehta.norm30","etehta.norm32","downetehta.norm27","otehta.wide36","utehta.norm31","thinnas.norm30","dotinside","underbar.wide29","invatehta.norm30","overbar.wide32","engytehta.wide30","revetehta.norm30","yantatehta.norm30","uline3","uptehtacliche_unque"
"unque.conb","ootehta.norm39","uutehta.norm31","eetehta.norm32","downeetehta.norm30","dblunderstroke.norm30","atehta.norm29","downatehta.norm30","ytehta.norm29","downytehta.norm30","itehta.norm29","downitehta.norm30","etehta.norm32","downetehta.norm27","otehta.wide36","utehta.norm31","thinnas.norm30","dotinside","underbar.wide29","invatehta.norm30","overbar.wide32","engytehta.wide30","revetehta.norm30","yantatehta.norm30","uline3","uptehtacliche_unque"
"vilya","ootehta.norm18","uutehta.norm19","eetehta.norm18","downeetehta.norm19","dblunderstroke.norm19","atehta.norm18","downatehta.norm19","ytehta.norm18","downytehta.norm19","itehta.norm19","downitehta.norm19","etehta.norm18","downetehta.norm18","otehta.norm18","utehta.norm19","thinnas.norm20","dotinside.conu20","underbar.norm20","invatehta.norm18","overbar.norm18","engytehta.norm18","revetehta.norm18","yantatehta.norm18","uline2","uptehtacliche_quesse"
"vilya.conr","ootehta.norm18","uutehta.norm19","eetehta.norm18","downeetehta.norm19","dblunderstroke.norm19","atehta.norm18","downatehta.norm19","ytehta.norm18","downytehta.norm19","itehta.norm19","downitehta.norm19","etehta.norm18","downetehta.norm18","otehta.norm18","utehta.norm19","thinnas.norm20","dotinside.conu20","underbar.norm20","invatehta.norm18","overbar.norm18","engytehta.norm18","revetehta.norm18","yantatehta.norm18","uline2","uptehtacliche_quesse"
"vilya.conl","ootehta.norm18","uutehta.norm19","eetehta.norm18","downeetehta.norm19","dblunderstroke.norm19","atehta.norm18","downatehta.norm19","ytehta.norm18","downytehta.norm19","itehta.norm19","downitehta.norm19","etehta.norm18","downetehta.norm18","otehta.norm18","utehta.norm19","thinnas.norm20","dotinside.conu20","underbar.norm20","invatehta.norm18","overbar.norm18","engytehta.norm18","revetehta.norm18","yantatehta.norm18","uline2","uptehtacliche_quesse"
"vilya.conb","ootehta.norm18","uutehta.norm19","eetehta.norm18","downeetehta.norm19","dblunderstroke.norm19","atehta.norm18","downatehta.norm19","ytehta.norm18","downytehta.norm19","itehta.norm19","downitehta.norm19","etehta.norm18","downetehta.norm18","otehta.norm18","utehta.norm19","thinnas.norm20","dotinside.conu20","underbar.norm20","invatehta.norm18","overbar.norm18","engytehta.norm18","revetehta.norm18","yantatehta.norm18","uline2","uptehtacliche_quesse"
"vilya.conrbot","ootehta.norm18","uutehta.norm19","eetehta.norm18","downeetehta.norm19","dblunderstroke.norm19","atehta.norm18","downatehta.norm19","ytehta.norm18","downytehta.norm19","itehta.norm19","downitehta.norm19","etehta.norm18","downetehta.norm18","otehta.norm18","utehta.norm19","thinnas.norm20","dotinside.conu20","underbar.norm20","invatehta.norm18","overbar.norm18","engytehta.norm18","revetehta.norm18","yantatehta.norm18","uline2","uptehtacliche_quesse"
"vilya.conbbot","ootehta.norm18","uutehta.norm19","eetehta.norm18","downeetehta.norm19","dblunderstroke.norm19","atehta.norm18","downatehta.norm19","ytehta.norm18","downytehta.norm19","itehta.norm19","downitehta.norm19","etehta.norm18","downetehta.norm18","otehta.norm18","utehta.norm19","thinnas.norm20","dotinside.conu20","underbar.norm20","invatehta.norm18","overbar.norm18","engytehta.norm18","revetehta.norm18","yantatehta.norm18","uline2","uptehtacliche_quesse"
"nwalme","ootehta.wide29","uutehta.norm29","eetehta.norm29","downeetehta.norm29","dblunderstroke.norm29","atehta.norm29","downatehta.norm29","ytehta.norm29","downytehta.norm29","itehta.norm29","downitehta.norm29","etehta.norm29","downetehta.norm27","otehta.wide29","utehta.norm29","thinnas.norm29","dotinside","underbar.wide29","invatehta.norm29","overbar.wide27","engytehta.wide29","revetehta.norm29","yantatehta.norm29","uline3","uptehtacliche_ungwe"
"nwalme.conr","ootehta.wide29","uutehta.norm29","eetehta.norm29","downeetehta.norm29","dblunderstroke.norm29","atehta.norm29","downatehta.norm29","ytehta.norm29","downytehta.norm29","itehta.norm29","downitehta.norm29","etehta.norm29","downetehta.norm27","otehta.wide29","utehta.norm29","thinnas.norm29","dotinside","underbar.wide29","invatehta.norm29","overbar.wide27","engytehta.wide29","revetehta.norm29","yantatehta.norm29","uline3","uptehtacliche_ungwe"
"nwalme.conl","ootehta.wide29","uutehta.norm29","eetehta.norm29","downeetehta.norm29","dblunderstroke.norm29","atehta.norm29","downatehta.norm29","ytehta.norm29","downytehta.norm29","itehta.norm29","downitehta.norm29","etehta.norm29","downetehta.norm27","otehta.wide29","utehta.norm29","thinnas.norm29","dotinside","underbar.wide29","invatehta.norm29","overbar.wide27","engytehta.wide29","revetehta.norm29","yantatehta.norm29","uline3","uptehtacliche_ungwe"
"nwalme.conb","ootehta.wide29","uutehta.norm29","eetehta.norm29","downeetehta.norm29","dblunderstroke.norm29","atehta.norm29","downatehta.norm29","ytehta.norm29","downytehta.norm29","itehta.norm29","downitehta.norm29","etehta.norm29","downetehta.norm27","otehta.wide29","utehta.norm29","thinnas.norm29","dotinside","underbar.wide29","invatehta.norm29","overbar.wide27","engytehta.wide29","revetehta.norm29","yantatehta.norm29","uline3","uptehtacliche_ungwe"
"nwalme.conrbot","ootehta.wide29","uutehta.norm29","eetehta.norm29","downeetehta.norm29","dblunderstroke.norm29","atehta.norm29","downatehta.norm29","ytehta.norm29","downytehta.norm29","itehta.norm29","downitehta.norm29","etehta.norm29","downetehta.norm27","otehta.wide29","utehta.norm29","thinnas.norm29","dotinside","underbar.wide29","invatehta.norm29","overbar.wide27","engytehta.wide29","revetehta.norm29","yantatehta.norm29","uline3","uptehtacliche_ungwe"
"nwalme.conbbot","ootehta.wide29","uutehta.norm29","eetehta.norm29","downeetehta.norm29","dblunderstroke.norm29","atehta.norm29","downatehta.norm29","ytehta.norm29","downytehta.norm29","itehta.norm29","downitehta.norm29","etehta.norm29","downetehta.norm27","otehta.wide29","utehta.norm29","thinnas.norm29","dotinside","underbar.wide29","invatehta.norm29","overbar.wide27","engytehta.wide29","revetehta.norm29","yantatehta.norm29","uline3","uptehtacliche_ungwe"
"exthwesta","ootehta.narrow27","uutehta.narrow25","eetehta.norm25","downeetehta.norm22","dblunderstroke.norm22","atehta.norm23","downatehta.norm22","ytehta.narrow23","downytehta.narrow22","itehta.norm21","downitehta.norm22","etehta.narrow25","downetehta.norm20","otehta.narrow27","utehta.narrow25","thinnas.norm23","dotinside.conu20","underbar.norm21","invatehta.norm22","overbar.norm21","engytehta.norm22","revetehta.norm22","yantatehta.norm22","uline22","uptehtacliche_hwesta"
"exthwesta.conl","ootehta.narrow27","uutehta.narrow25","eetehta.norm25","downeetehta.norm22","dblunderstroke.norm22","atehta.norm23","downatehta.norm22","ytehta.narrow23","downytehta.narrow22","itehta.norm21","downitehta.norm22","etehta.narrow25","downetehta.norm20","otehta.narrow27","utehta.narrow25","thinnas.norm23","dotinside.conu20","underbar.norm21","invatehta.norm22","overbar.norm21","engytehta.norm22","revetehta.norm22","yantatehta.norm22","uline22","uptehtacliche_hwesta"
"extunque","ootehta.norm39","uutehta.norm31","eetehta.norm32","downeetehta.norm31","dblunderstroke.norm31","atehta.norm31","downatehta.norm31","ytehta.norm31","downytehta.norm31","itehta.norm31","downitehta.norm31","etehta.norm32","downetehta.norm29","otehta.wide36","utehta.norm31","thinnas.norm31","dotinside","underbar.wide31","invatehta.norm30","overbar.wide32","engytehta.wide30","revetehta.norm30","yantatehta.norm30","uline23","uptehtacliche_unque"
"extunque.conl","ootehta.norm39","uutehta.norm31","eetehta.norm32","downeetehta.norm31","dblunderstroke.norm31","atehta.norm31","downatehta.norm31","ytehta.norm31","downytehta.norm31","itehta.norm31","downitehta.norm31","etehta.norm32","downetehta.norm29","otehta.wide36","utehta.norm31","thinnas.norm31","dotinside","underbar.wide31","invatehta.norm30","overbar.wide32","engytehta.wide30","revetehta.norm30","yantatehta.norm30","uline23","uptehtacliche_unque"
"roomen","ootehta.norm18","uutehta.norm19","eetehta.norm18","downeetehta","dblunderstroke.norm","atehta.norm18","downatehta.norm","ytehta.norm18","downytehta.norm","itehta.norm18","downitehta.norm","etehta.norm18","downetehta.norm","otehta.norm22","utehta.wide22","thinnas.norm","dotinside.norm14","underbar.norm","invatehta.norm18","overbar.norm18","engytehta.norm18","revetehta.norm18","yantatehta.norm18","uline32","uptehtacliche_quesse"
"roomen.conl","ootehta.norm18","uutehta.norm19","eetehta.norm18","downeetehta","dblunderstroke.norm","atehta.norm18","downatehta.norm","ytehta.norm18","downytehta.norm","itehta.norm18","downitehta.norm","etehta.norm18","downetehta.norm","otehta.norm22","utehta.wide22","thinnas.norm","dotinside.norm14","underbar.norm","invatehta.norm18","overbar.norm18","engytehta.norm18","revetehta.norm18","yantatehta.norm18","uline32","uptehtacliche_quesse"
"roomen.open","ootehta.norm18","uutehta.norm19","eetehta.norm18","downeetehta.norm11d1","dblunderstroke.norm14d1","atehta.norm18","downatehta.norm14d1","ytehta.norm18","downytehta.narrow14d2","itehta.norm18","downitehta.norm16d1","etehta.norm18","downetehta.narrow12","otehta.norm22","utehta.wide22","thinnas.norm15","dotinside.norm14","Underbar.roomen","invatehta.norm18","overbar.norm18","engytehta.norm18","revetehta.norm18","yantatehta.norm18","uline33","uptehtacliche_quesse"
"roomen.conl_open","ootehta.norm18","uutehta.norm19","eetehta.norm18","downeetehta.norm11d1","dblunderstroke.norm14d1","atehta.norm18","downatehta.norm14d1","ytehta.norm18","downytehta.narrow14d2","itehta.norm18","downitehta.norm16d1","etehta.norm18","downetehta.narrow12","otehta.norm22","utehta.wide22","thinnas.norm15","dotinside.norm14","underbar.roomen","invatehta.norm18","overbar.norm18","engytehta.norm18","revetehta.norm18","yantatehta.norm18","uline33","uptehtacliche_quesse"
"arda","ootehta.norm18","uutehta.norm19","eetehta.norm18","downeetehta","dblunderstroke.norm","atehta.norm18","downatehta.norm","ytehta.norm18","downytehta.norm","itehta.norm18","downitehta.norm","etehta.norm18","downetehta.norm","otehta.norm22","utehta.wide22","thinnas.norm","dotinside.norm14","underbar.norm","invatehta.norm18","overbar.norm18","engytehta.norm18","revetehta.norm18","yantatehta.norm18","uline32","uptehtacliche_quesse"
"arda.conl","ootehta.norm18","uutehta.norm19","eetehta.norm18","downeetehta","dblunderstroke.norm","atehta.norm18","downatehta.norm","ytehta.norm18","downytehta.norm","itehta.norm18","downitehta.norm","etehta.norm18","downetehta.norm","otehta.norm22","utehta.wide22","thinnas.norm","dotinside.norm14","underbar.norm","invatehta.norm18","overbar.norm18","engytehta.norm18","revetehta.norm18","yantatehta.norm18","uline32","uptehtacliche_quesse"
"arda.open","ootehta.norm18","uutehta.norm19","eetehta.norm18","downeetehta.norm11d1","dblunderstroke.norm14d1","atehta.norm18","downatehta.norm14d1","ytehta.norm18","downytehta.narrow14d2","itehta.norm18","downitehta.norm16d1","etehta.norm18","downetehta.narrow12","otehta.norm22","utehta.wide22","thinnas.norm15","dotinside.norm14","underbar.roomen","invatehta.norm18","overbar.norm18","engytehta.norm18","revetehta.norm18","yantatehta.norm18","uline33","uptehtacliche_quesse"
"arda.conl_open","ootehta.norm18","uutehta.norm19","eetehta.norm18","downeetehta.norm11d1","dblunderstroke.norm14d1","atehta.norm18","downatehta.norm14d1","ytehta.norm18","downytehta.narrow14d2","itehta.norm18","downitehta.norm16d1","etehta.norm18","downetehta.narrow12","otehta.norm22","utehta.wide22","thinnas.norm15","dotinside.norm14","underbar.roomen","invatehta.norm18","overbar.norm18","engytehta.norm18","revetehta.norm18","yantatehta.norm18","uline33","uptehtacliche_quesse"
"lambe","ootehta.wide26","uutehta.norm25","eetehta.norm25","downeetehta.lambe","dblunderstroke.lambe","atehta.norm25","downatehta.lambe","ytehta.norm25","downytehta.lambe","itehta.norm25","downitehta.lambe","etehta.norm24","downetehta.lambe","otehta.wide26","utehta.norm25","thinnas.norm","dotinside.conu20","underbar.lambe","invatehta.norm25","overbar.lambe","engytehta.wide25","revetehta.norm25","yantatehta.norm25","uline34","uptehtacliche_lambe"
"lambe.conr","ootehta.wide26","uutehta.norm25","eetehta.norm25","downeetehta.lambe","dblunderstroke.lambe","atehta.norm25","downatehta.lambe","ytehta.norm25","downytehta.lambe","itehta.norm25","downitehta.lambe","etehta.norm24","downetehta.lambe","otehta.wide26","utehta.norm25","thinnas.norm","dotinside.conu20","underbar.lambe","invatehta.norm25","overbar.lambe","engytehta.wide25","revetehta.norm25","yantatehta.norm25","uline34","uptehtacliche_lambe"
"lambe.conl","ootehta.wide26","uutehta.norm25","eetehta.norm25","downeetehta.lambe","dblunderstroke.lambe","atehta.norm25","downatehta.lambe","ytehta.norm25","downytehta.lambe","itehta.norm25","downitehta.lambe","etehta.norm24","downetehta.lambe","otehta.wide26","utehta.norm25","thinnas.norm","dotinside.conu20","underbar.lambe","invatehta.norm25","overbar.lambe","engytehta.wide25","revetehta.norm25","yantatehta.norm25","uline34","uptehtacliche_lambe"
"lambe.conb","ootehta.wide26","uutehta.norm25","eetehta.norm25","downeetehta.lambe","dblunderstroke.lambe","atehta.norm25","downatehta.lambe","ytehta.norm25","downytehta.lambe","itehta.norm25","downitehta.lambe","etehta.norm24","downetehta.lambe","otehta.wide26","utehta.norm25","thinnas.norm","dotinside.conu20","underbar.lambe","invatehta.norm25","overbar.lambe","engytehta.wide25","revetehta.norm25","yantatehta.norm25","uline34","uptehtacliche_lambe"
"lambe.conrbot","ootehta.wide26","uutehta.norm25","eetehta.norm25","downeetehta.lambe","dblunderstroke.lambe","atehta.norm25","downatehta.lambe","ytehta.norm25","downytehta.lambe","itehta.norm25","downitehta.lambe","etehta.norm24","downetehta.lambe","otehta.wide26","utehta.norm25","thinnas.norm","dotinside.conu20","underbar.lambe","invatehta.norm25","overbar.lambe","engytehta.wide25","revetehta.norm25","yantatehta.norm25","uline34","uptehtacliche_lambe"
"lambe.conbbot","ootehta.wide26","uutehta.norm25","eetehta.norm25","downeetehta.lambe","dblunderstroke.lambe","atehta.norm25","downatehta.lambe","ytehta.norm25","downytehta.lambe","itehta.norm25","downitehta.lambe","etehta.norm24","downetehta.lambe","otehta.wide26","utehta.norm25","thinnas.norm","dotinside.conu20","underbar.lambe","invatehta.norm25","overbar.lambe","engytehta.wide25","revetehta.norm25","yantatehta.norm25","uline34","uptehtacliche_lambe"
"alda","ootehta.wide26","uutehta.norm25","eetehta.norm25","downeetehta.norm35","dblunderstroke.norm35","atehta.norm25","downatehta.norm35","ytehta.norm25","downytehta.narrow35","itehta.norm25","downitehta.norm35","etehta.norm24","downetehta.norm35","otehta.wide26","utehta.norm25","thinnas.norm26","dotinside.conu20","underbar.lambe","invatehta.norm25","overbar.lambe","engytehta.wide25","revetehta.norm25","yantatehta.norm25","uline35","uptehtacliche_lambe"
"alda.conr","ootehta.wide26","uutehta.norm25","eetehta.norm25","downeetehta.norm35","dblunderstroke.norm35","atehta.norm25","downatehta.norm35","ytehta.norm25","downytehta.narrow35","itehta.norm25","downitehta.norm35","etehta.norm24","downetehta.norm35","otehta.wide26","utehta.norm25","thinnas.norm26","dotinside.conu20","underbar.lambe","invatehta.norm25","overbar.lambe","engytehta.wide25","revetehta.norm25","yantatehta.norm25","uline35","uptehtacliche_lambe"
"alda.conl","ootehta.wide26","uutehta.norm25","eetehta.norm25","downeetehta.norm35","dblunderstroke.norm35","atehta.norm25","downatehta.norm35","ytehta.norm25","downytehta.narrow35","itehta.norm25","downitehta.norm35","etehta.norm24","downetehta.norm35","otehta.wide26","utehta.norm25","thinnas.norm26","dotinside.conu20","underbar.lambe","invatehta.norm25","overbar.lambe","engytehta.wide25","revetehta.norm25","yantatehta.norm25","uline35","uptehtacliche_lambe"
"alda.conb","ootehta.wide26","uutehta.norm25","eetehta.norm25","downeetehta.norm35","dblunderstroke.norm35","atehta.norm25","downatehta.norm35","ytehta.norm25","downytehta.narrow35","itehta.norm25","downitehta.norm35","etehta.norm24","downetehta.norm35","otehta.wide26","utehta.norm25","thinnas.norm26","dotinside.conu20","underbar.lambe","invatehta.norm25","overbar.lambe","engytehta.wide25","revetehta.norm25","yantatehta.norm25","uline35","uptehtacliche_lambe"
"silme","ootehta","uutehta","eetehta","downeetehta.norm19","dblunderstroke.norm19","atehta.norm","downatehta.norm19","ytehta.norm","downytehta.norm19","itehta.norm","downitehta.norm19","etehta.norm","downetehta.norm18","otehta","utehta","thinnas.norm18","dotinside.norm19","underbar.norm20","Invatehta.norm","overbar.norm","engytehta.norm","revetehta.norm","yantatehta.norm","uline36","uptehtacliche_norm"
"silme.open","ootehta.norm11","uutehta.norm","eetehta.norm13d4","downeetehta.norm19","dblunderstroke.norm19","atehta.norm10d4","downatehta.norm19","ytehta.narrow10d2","downytehta.norm19","itehta.norm14d2","downitehta.norm19","etehta.norm14d2","downetehta.norm18","otehta.norm10","utehta.wide10","thinnas.norm18","dotinside.norm19","underbar.norm20","invatehta.norm","overbar.norm","engytehta.norm","revetehta.norm","yantatehta.norm","uline36","uptehtacliche_norm"
"silme.flat","ootehta.narrow26","uutehta_silmel","eetehta.norm24","downeetehta.norm19","dblunderstroke.norm19","atehta.norm23u2","downatehta.norm19","ytehta.narrow23u2","downytehta.norm19","itehta.norm20u2","downitehta.norm19","etehta.narrow23","downetehta.norm18","otehta.narrow27","utehta.norm24u1","thinnas.norm18","dotinside.norm19","underbar.norm20","invatehta.norm16","overbar.norm","engytehta.norm16","revetehta.norm16","yantatehta.norm16","uline36","uptehtacliche_silmel"
"silme.lig","ootehta","uutehta.norm","eetehta","downeetehta.norm07","dblunderstroke.norm07","atehta.norm","downatehta.norm07","ytehta.norm","downytehta.norm07","itehta.norm","downitehta.norm07","etehta.norm","downetehta.norm05","otehta","utehta","thinnas.norm07","dotinside.norm04","underbar.norm","invatehta.norm","overbar.norm","engytehta.norm","revetehta.norm","yantatehta.norm","uline37","uptehtacliche_norm"
"silme.lig_open","ootehta","uutehta.norm","eetehta.norm","downeetehta.norm07","dblunderstroke.norm07","atehta.norm","downatehta.norm07","ytehta.norm","downytehta.norm07","itehta.norm","downitehta.norm07","etehta.norm","downetehta.norm05","otehta.norm","utehta.norm","thinnas.norm07","dotinside.norm04","underbar.norm","invatehta.norm","overbar.norm","engytehta.norm","revetehta.norm","yantatehta.norm","uline37","uptehtacliche_norm"
"silme.lig_flat","ootehta.narrow12","uutehta.norm","eetehta.norm11","downeetehta.norm07","dblunderstroke.norm07","atehta.norm09u2","downatehta.norm07","ytehta.narrow09u2","downytehta.norm07","itehta.norm06u2","downitehta.norm07","etehta.narrow08","downetehta.norm05","otehta.narrow11","utehta.norm10u1","thinnas.norm07","dotinside.norm04","underbar.norm","invatehta.norm","overbar.norm","engytehta.norm","revetehta.norm","yantatehta.norm","uline37","uptehtacliche_norm"
"silme.lig_harma","ootehta","uutehta.norm","eetehta","downeetehta.norm","dblunderstroke.norm","atehta.norm","downatehta.norm","ytehta.norm","downytehta.norm","itehta.norm","downitehta.norm","etehta.norm","downetehta.norm","otehta","utehta","thinnas.norm","dotinside","underbar.norm","invatehta.norm","overbar.norm","engytehta.norm","revetehta.norm","yantatehta.norm","uline37","uptehtacliche_norm"
"silmenuq","ootehta.norm18","uutehta.norm19","eetehta.norm18","downeetehta.norm23u2","dblunderstroke.norm23u2","atehta.norm18","downatehta.norm23u2","ytehta.norm18","downytehta.narrow23u2","itehta.norm18","downitehta.norm23","etehta.norm18","downetehta.norm21u2","otehta.norm18","utehta.norm19","thinnas.norm24","dotinside.norm19","underbar.norm20","invatehta.norm18","overbar.norm18","engytehta.norm18","revetehta.norm18","yantatehta.norm18","uline38","uptehtacliche_quesse"
"aare","ootehta","uutehta.norm","eetehta","downeetehta.norm19d7","dblunderstroke.norm19d7","atehta.norm","downatehta.norm19d7","ytehta.norm","downytehta.norm19d7","itehta.norm","downitehta.norm19d7","etehta.norm","downetehta.norm17d7","otehta.norm","utehta","thinnas.norm","dotinside","underbar.norm","invatehta.norm","overbar.norm","engytehta.norm","revetehta.norm","yantatehta.norm","uline39","uptehtacliche_norm"
"aare.open","ootehta.norm11","uutehta.norm","eetehta.norm13d4","downeetehta.norm19d7","dblunderstroke.norm19d7","atehta.norm10d4","downatehta.norm19d7","ytehta.narrow10d4","downytehta.norm19d7","itehta.norm14d2","downitehta.norm19d7","etehta.norm13d2","downetehta.norm17d7","otehta.norm","utehta.wide10","thinnas.norm","dotinside","underbar.norm","invatehta.norm","overbar.norm","engytehta.norm","revetehta.norm","yantatehta.norm","uline39","uptehtacliche_norm"
"aare.flat","ootehta.narrow26","uutehta_silmel","eetehta.norm25","downeetehta.norm19d7","dblunderstroke.norm19d7","atehta.norm23u2","downatehta.norm19d7","ytehta.narrow23u2","downytehta.norm19d7","itehta.norm20u2","downitehta.norm19d7","etehta.narrow23","downetehta.norm17d7","otehta.narrow27","utehta.norm24u1","thinnas.norm","dotinside","underbar.norm","invatehta.norm16","overbar.norm","engytehta.norm16","revetehta.norm16","yantatehta.norm16","uline39","uptehtacliche_silmel"
"aarenuq","ootehta.norm18","uutehta.norm19","eetehta.norm18","downeetehta.norm23","dblunderstroke.norm23","atehta.norm18","downatehta.norm23","ytehta.norm18","downytehta.narrow23d2","itehta.norm18","downitehta.norm23d2","etehta.norm18","downetehta.norm18","otehta.norm18","utehta.norm19","thinnas.norm22","dotinside.norm19","underbar.norm","invatehta.norm18","overbar.norm18","engytehta.norm18","revetehta.norm18","yantatehta.norm18","uline40","uptehtacliche_quesse"
"hyarmen","ootehta.norm14","uutehta.norm09","eetehta.norm11","downeetehta.norm18","dblunderstroke.norm18","atehta.norm09u2","downatehta.norm18","ytehta.narrow09u2","downytehta.norm18","itehta.norm09u2","downitehta.norm19u2","etehta.norm10","downetehta.norm18u2","otehta.norm07","utehta.norm09","thinnas.norm20u2","dotinside","underbar.norm20","invatehta.norm11","overbar.norm","engytehta.norm11","revetehta.norm11","yantatehta.norm11","uline41","uptehtacliche_carr"
"hyarmen.conr","ootehta.norm18","uutehta.norm09","eetehta.norm11","downeetehta.norm21","dblunderstroke.norm21","atehta.norm12u2","downatehta.norm21","ytehta.narrow12u2","downytehta.norm21","itehta.norm12u2","downitehta.norm21u2","etehta.norm13","downetehta.norm20u2","otehta.norm07","utehta.norm12","thinnas.norm22","dotinside","underbar.norm20","invatehta.norm11","overbar.norm","engytehta.norm11","revetehta.norm11","yantatehta.norm11","uline42","uptehtacliche_carr"
"hwestasin","ootehta.narrow26","uutehta.norm31","eetehta.norm30","downeetehta.norm19","dblunderstroke.norm19","atehta.norm27","downatehta.norm19","ytehta.narrow27","downytehta.norm19","itehta.norm25","downitehta.norm19","etehta.narrow30d1","downetehta.norm18","otehta.norm","utehta.narrow31","thinnas.norm22","dotinside.cond22","underbar.norm21","invatehta.norm30","overbar.norm","engytehta.wide30","revetehta.norm30","yantatehta.norm30","uline43","uptehtacliche_unque"
"yanta","ootehta.norm18","uutehta.norm21","eetehta.norm21","downeetehta.norm19","dblunderstroke.norm19","atehta.norm20","downatehta.norm19","ytehta.norm20","downytehta.norm19","itehta.norm20","downitehta.norm19u2","etehta.norm18","downetehta.norm18u2","otehta.norm18","utehta.norm21","thinnas.norm20u2","dotinside","underbar.norm20","invatehta.norm21","overbar.norm20","engytehta.norm21","revetehta.norm21","yantatehta.norm21","uline41","uptehtacliche_yanta"
"yanta.conr","ootehta.norm20","uutehta.norm21","eetehta.norm21","downeetehta.norm21","dblunderstroke.norm21","atehta.norm23","downatehta.norm21","ytehta.norm23","downytehta.norm21","itehta.norm23","downitehta.norm21u2","etehta.norm21","downetehta.norm20u2","otehta.norm18","utehta.norm21","thinnas.norm22","dotinside","underbar.norm20","invatehta.norm21","overbar.norm20","engytehta.norm21","revetehta.norm21","yantatehta.norm21","uline45","uptehtacliche_yanta"
"uure","ootehta.norm14","uutehta.norm17","eetehta.norm17","downeetehta.norm18","dblunderstroke.norm18","atehta.norm17","downatehta.norm18","ytehta.norm17","downytehta.norm18","itehta.norm17","downitehta.norm18","etehta.norm17","downetehta.norm18","otehta.norm18","utehta.norm17","thinnas.norm18","dotinside.norm19","underbar.norm20","invatehta.norm17","overbar.norm18","engytehta.norm17","revetehta.norm17","yantatehta.norm17","uline46","uptehtacliche_thuule"
"uure.conr","ootehta.norm14","uutehta.norm17","eetehta.norm17","downeetehta.norm19","dblunderstroke.norm19","atehta.norm19","downatehta.norm19","ytehta.norm19","downytehta.norm19","itehta.norm19","downitehta.norm19","etehta.norm19","downetehta.norm18","otehta.norm18","utehta.norm17","thinnas.norm19","dotinside.norm19","underbar.norm20","invatehta.norm17","overbar.norm18","engytehta.norm17","revetehta.norm17","yantatehta.norm17","uline47","uptehtacliche_thuule"
"longcarr","ootehta.norm07","uutehta.norm09","eetehta.norm11","downeetehta.norm","dblunderstroke.norm","atehta.norm10","downatehta.norm","ytehta.narrow10","downytehta.norm","itehta.norm10","downitehta.norm","etehta.norm10","downetehta.norm","otehta.norm07","utehta.norm09","thinnas.norm","dotinside","underbar.norm","invatehta.norm11","overbar.norm","engytehta.norm11","revetehta.norm11","yantatehta.norm11","uline48","uptehtacliche_carr"
"longcarr.conl","ootehta.norm07","uutehta.norm09","eetehta.norm11","downeetehta.norm","dblunderstroke.norm","atehta.norm10","downatehta.norm","ytehta.narrow10","downytehta.norm","itehta.norm10","downitehta.norm","etehta.norm10","downetehta.norm","otehta.norm07","utehta.norm09","thinnas.norm","dotinside","underbar.norm","invatehta.norm11","overbar.norm","engytehta.norm11","revetehta.norm11","yantatehta.norm11","uline48","uptehtacliche_carr"
"halla","ootehta","uutehta","eetehta","downeetehta.norm10","dblunderstroke.norm10","atehta.norm","downatehta.norm10","ytehta.norm","downytehta.narrow10","itehta.norm","downitehta.norm10","etehta.norm","downetehta.norm09","otehta.norm07","utehta","thinnas.norm10","dotinside","underbar.norm","invatehta.norm11","overbar.norm","engytehta.norm11","revetehta.norm11","yantatehta.norm11","uline49","uptehtacliche_carr"
"shortcarr","ootehta.norm07","uutehta.norm09","eetehta.norm11","downeetehta.norm10","dblunderstroke.norm10","atehta.norm10","downatehta.norm10","ytehta.narrow10","downytehta.narrow10","itehta.norm10","downitehta.norm10","etehta.norm10","downetehta.norm09","otehta.norm07","utehta.norm09","thinnas.norm10","dotinside","underbar.norm","invatehta.norm11","overbar.norm","engytehta.norm11","revetehta.norm11","yantatehta.norm11","uline49","uptehtacliche_carr"
"shortcarr.conr","ootehta.norm07","uutehta.norm09","eetehta.norm11","downeetehta.norm10","dblunderstroke.norm10","atehta.norm10","downatehta.norm10","ytehta.narrow10","downytehta.narrow10","itehta.norm10","downitehta.norm10","etehta.norm10","downetehta.norm09","otehta.norm07","utehta.norm09","thinnas.norm10","dotinside","underbar.norm","invatehta.norm11","overbar.norm","engytehta.norm11","revetehta.norm11","yantatehta.norm11","uline49","uptehtacliche_carr"
"shortcarr.conl","ootehta.norm07","uutehta.norm09","eetehta.norm11","downeetehta.norm10","dblunderstroke.norm10","atehta.norm10","downatehta.norm10","ytehta.narrow10","downytehta.narrow10","itehta.norm10","downitehta.norm10","etehta.norm10","downetehta.norm09","otehta.norm07","utehta.norm09","thinnas.norm10","dotinside","underbar.norm","invatehta.norm11","overbar.norm","engytehta.norm11","revetehta.norm11","yantatehta.norm11","uline49","uptehtacliche_carr"
"shortcarr.conb","ootehta.norm07","uutehta.norm09","eetehta.norm11","downeetehta.norm10","dblunderstroke.norm10","atehta.norm10","downatehta.norm10","ytehta.narrow10","downytehta.narrow10","itehta.norm10","downitehta.norm10","etehta.norm10","downetehta.norm09","otehta.norm07","utehta.norm09","thinnas.norm10","dotinside","underbar.norm","invatehta.norm11","overbar.norm","engytehta.norm11","revetehta.norm11","yantatehta.norm11","uline49","uptehtacliche_carr"
"mirroredosse","ootehta.norm18","uutehta.norm17","eetehta.norm17","downeetehta.norm17","dblunderstroke.norm17","atehta.norm17","downatehta.norm17","ytehta.norm17","downytehta.norm17","itehta.norm17","downitehta.norm17","etehta.norm17","downetehta.norm16","otehta.norm","utehta.norm17","thinnas.norm17","dotinside.norm17","underbar.norm","invatehta.norm","overbar.norm18","engytehta.norm","revetehta.norm","yantatehta.norm","uline50","uptehtacliche_norm"
"wtengwa","ootehta.norm18","uutehta.norm17","eetehta.norm17","downeetehta.norm17","dblunderstroke.norm17","atehta.norm17","downatehta.norm17","ytehta.norm17","downytehta.norm17","itehta.norm17","downitehta.norm17","etehta.norm17","downetehta.norm16","otehta.wide23","utehta.norm17","thinnas.norm17","dotinside.norm19","underbar.norm","invatehta.norm17","overbar.norm18","engytehta.norm17","revetehta.norm17","yantatehta.norm17","uline50","uptehtacliche_thuule"
"atengwa.desc","ootehta.norm14","uutehta.norm14","eetehta.norm14","downeetehta.norm17","dblunderstroke.norm17","atehta.norm17","downatehta.norm17","ytehta.norm17","downytehta.norm17","itehta.norm17","downitehta.norm17","etehta.norm15","downetehta.norm16","otehta.norm","utehta.norm14","thinnas.norm16","dotinside.norm17","underbar.norm","invatehta.norm14","overbar.norm","engytehta.norm14","revetehta.norm14","yantatehta.norm14","uline50","uptehtacliche_ateng"
"wtengwa.desc","ootehta.norm18","uutehta.norm17","eetehta.norm17","downeetehta","dblunderstroke.norm","atehta.norm17","downatehta.norm","ytehta.norm17","downytehta.norm","itehta.norm17","downitehta.norm","etehta.norm17","downetehta.norm","otehta.wide23","utehta.norm17","thinnas.norm","dotinside.norm17","underbar.norm","invatehta.norm17","overbar.norm18","engytehta.norm17","revetehta.norm17","yantatehta.norm17","uline51","uptehtacliche_thuule"
"atengwa","ootehta.norm14","uutehta.norm14","eetehta.norm14","downeetehta.norm15","dblunderstroke.norm15","atehta.norm15","downatehta.norm15","ytehta.norm15","downytehta.norm15","itehta.norm15","downitehta.norm15","etehta.norm13","downetehta.norm14","otehta.norm","utehta.norm14","thinnas.norm16","dotinside.norm14","underbar.norm","invatehta.norm14","overbar.norm","engytehta.norm14","revetehta.norm14","yantatehta.norm14","uline52","uptehtacliche_ateng"
"conncarr","ootehta.norm14","uutehta.norm17","eetehta.norm17","downeetehta.norm15","dblunderstroke.norm15","atehta.norm17","downatehta.norm15","ytehta.norm17","downytehta.norm15","itehta.norm17","downitehta.norm15","etehta.norm17","downetehta.norm14","otehta.wide23","utehta.norm17","thinnas.norm16","dotinside","underbar.norm","invatehta.norm17","overbar.norm","engytehta.norm17","revetehta.norm17","yantatehta.norm17","uline53","uptehtacliche_thuule"
"conncarr.long","ootehta.norm14","uutehta.norm17","eetehta.norm17","downeetehta.norm15","dblunderstroke.norm15","atehta.norm17","downatehta.norm15","ytehta.norm17","downytehta.norm15","itehta.norm17","downitehta.norm15","etehta.norm17","downetehta.norm14","otehta.wide23","utehta.norm17","thinnas.norm16","dotinside","underbar.norm","invatehta.norm17","overbar.norm","engytehta.norm17","revetehta.norm17","yantatehta.norm17","uline53","uptehtacliche_thuule"
"conncarr.conr","ootehta.norm14","uutehta.norm17","eetehta.norm17","downeetehta.norm15","dblunderstroke.norm15","atehta.norm17","downatehta.norm15","ytehta.norm17","downytehta.norm15","itehta.norm17","downitehta.norm15","etehta.norm17","downetehta.norm14","otehta.wide23","utehta.norm17","thinnas.norm16","dotinside","underbar.norm","invatehta.norm17","overbar.norm","engytehta.norm17","revetehta.norm17","yantatehta.norm17","uline53","uptehtacliche_thuule"
"openanna","ootehta.norm20","uutehta.norm19","eetehta.norm18","downeetehta.norm18","dblunderstroke.norm18","atehta.norm18","downatehta.norm18","ytehta.norm18","downytehta.norm18","itehta.norm18","downitehta.norm18","etehta.norm18","downetehta.norm16","otehta.norm22","utehta.norm19","thinnas.norm19","dotinside.norm19","underbar.norm20","invatehta.norm18","overbar.norm18","engytehta.norm18","revetehta.norm18","yantatehta.norm18","uline54","uptehtacliche_quesse"
"openanna.conl","ootehta.norm20","uutehta.norm19","eetehta.norm18","downeetehta.norm18","dblunderstroke.norm18","atehta.norm18","downatehta.norm18","ytehta.norm18","downytehta.norm18","itehta.norm18","downitehta.norm18","etehta.norm18","downetehta.norm16","otehta.norm22","utehta.norm19","thinnas.norm19","dotinside.norm19","underbar.norm20","invatehta.norm18","overbar.norm18","engytehta.norm18","revetehta.norm18","yantatehta.norm18","uline54","uptehtacliche_quesse"
"prefeanoreanqu","ootehta.norm18","uutehta.norm19","eetehta.norm18","downeetehta.norm22","dblunderstroke.norm22","atehta.norm18","downatehta.norm22","ytehta.norm18","downytehta.narrow22","itehta.norm18","downitehta.norm22","etehta.norm18","downetehta.norm18","otehta.norm18","utehta.norm19","thinnas.norm21","dotinside.cond18","underbar.norm21","invatehta.norm18","overbar.norm18","engytehta.norm18","revetehta.norm18","yantatehta.norm18","uline55","uptehtacliche_quesse"
"whtengwa","ootehta","uutehta","eetehta","downeetehta.norm19","dblunderstroke.norm19","atehta.norm","downatehta.norm19","ytehta.norm","downytehta.norm19","itehta.norm","downitehta.norm19","etehta.norm","downetehta.norm18","otehta.norm","utehta","thinnas.norm19","dotinside","underbar.norm20","invatehta.norm","overbar.norm","engytehta.norm","revetehta.norm","yantatehta.norm","uline56","uptehtacliche_norm"
"whtengwa.var1","ootehta","uutehta","eetehta","downeetehta.norm19","dblunderstroke.norm19","atehta.norm","downatehta.norm19","ytehta.norm","downytehta.norm19","itehta.norm","downitehta.norm19","etehta.norm","downetehta.norm18","otehta.norm","utehta","thinnas.norm19","dotinside.norm21","underbar.norm20","invatehta.norm","overbar.norm","engytehta.norm","revetehta.norm","yantatehta.norm","uline57","uptehtacliche_norm"
"whtengwa.var2","ootehta","uutehta","eetehta","downeetehta.norm19","dblunderstroke.norm19","atehta.norm","downatehta.norm19","ytehta.norm","downytehta.norm19","itehta.norm","downitehta.norm19","etehta.norm","downetehta.norm18","otehta.norm","utehta","thinnas.norm19","dotinside","underbar.norm20","invatehta.norm","overbar.norm","engytehta.norm","revetehta.norm","yantatehta.norm","uline58","uptehtacliche_norm"
"mhtengwa","ootehta.wide29","uutehta.norm29","eetehta.norm30","downeetehta.norm35","dblunderstroke.norm35","atehta.norm30","downatehta.norm35","ytehta.norm30","downytehta.narrow35","itehta.norm30","downitehta.norm35","etehta.norm29","downetehta.norm33","otehta.wide29","utehta.norm29","thinnas.norm36","dotinside","underbar.norm","invatehta.norm30","overbar.wide30","engytehta.wide30","revetehta.norm30","yantatehta.norm30","uline59","uptehtacliche_ando"
"beleriandicmh","ootehta.norm20","uutehta.norm19","eetehta.norm20","downeetehta.norm","dblunderstroke.norm","atehta.norm20","downatehta.norm","ytehta.norm20","downytehta.norm","itehta.norm20","downitehta.norm","etehta.norm20","downetehta.norm","otehta.wide26","utehta.norm19","thinnas.norm","dotinside.cond20","underbar.norm","invatehta.norm20","overbar.norm20","engytehta.norm20","revetehta.norm20","yantatehta.norm20","uline60","uptehtacliche_tinco"
"angwhtengwa","ootehta.norm14","uutehta.norm09","eetehta.norm11","downeetehta.norm15","dblunderstroke.norm15","atehta.norm10","downatehta.norm15","ytehta.narrow10","downytehta.norm15","itehta.norm10","downitehta.norm15","etehta.norm15","downetehta.narrow12","otehta.norm07","utehta.norm09","thinnas.norm15","dotinside","underbar.norm20","invatehta.norm11","overbar.norm","engytehta.norm11","revetehta.norm11","yantatehta.norm11","uline61","uptehtacliche_carr"
"vaiya","ootehta.norm20","uutehta.norm20","eetehta.norm20","downeetehta.norm20","dblunderstroke.norm20","atehta.norm20","downatehta.norm20","ytehta.norm20","downytehta.norm20","itehta.norm20","downitehta.norm20","etehta.norm20","downetehta.norm18","otehta.wide26","utehta.norm21","thinnas.norm21","dotinside.cond20","underbar.norm21","invatehta.norm25","overbar.norm","engytehta.wide25","revetehta.norm25","yantatehta.norm25","uline62","uptehtacliche_lambe"
"sarince","ootehta.norm","uutehta.norm","eetehta.norm","downeetehta.norm","dblunderstroke.norm","atehta.norm","downatehta.norm","ytehta.norm","downytehta.norm","itehta.norm","downitehta.norm","etehta.norm","downetehta.norm","otehta.norm","utehta.norm","thinnas.norm","dotinside","underbar.norm","invatehta.norm","overbar.norm","engytehta.norm","revetehta.norm","yantatehta.norm","uline63","uptehtacliche_norm"
"sarince.high","ootehta.norm18","uutehta.norm18","eetehta.norm18","downeetehta.norm","dblunderstroke.norm","atehta.norm19","downatehta.norm","ytehta.norm19","downytehta.norm","itehta.norm19","downitehta.norm","etehta.norm19","downetehta.norm","otehta.norm","utehta.norm17","thinnas.norm19","dotinside","underbar.norm","invatehta.norm","overbar.norm","engytehta.norm","revetehta.norm","yantatehta.norm","uline64","uptehtacliche_norm"
"tinco.dec","ootehta.norm","uutehta.norm","eetehta.norm","downeetehta.norm","dblunderstroke.norm","atehta.norm","downatehta.norm","ytehta.norm","downytehta.norm","itehta.norm","downitehta.norm","etehta.norm","downetehta.norm","otehta.norm","utehta.norm","thinnas.norm19","dotinside.norm19","underbar.norm","invatehta.norm","overbar.norm","engytehta.norm","revetehta.norm","yantatehta.norm","uline65","uptehtacliche_norm"
"parma.dec","ootehta.norm","uutehta.norm","eetehta.norm","downeetehta.norm","dblunderstroke.norm","atehta.norm","downatehta.norm","ytehta.norm","downytehta.norm","itehta.norm","downitehta.norm","etehta.norm","downetehta.norm","otehta.norm","utehta.norm","thinnas.norm19","dotinside.cond20","underbar.norm","invatehta.norm","overbar.norm","engytehta.norm","revetehta.norm","yantatehta.norm","uline65","uptehtacliche_norm"
"extthuule.dec","ootehta.norm","uutehta.norm","eetehta.norm","downeetehta.norm","dblunderstroke.norm","atehta.norm","downatehta.norm","ytehta.norm","downytehta.norm","itehta.norm","downitehta.norm","etehta.norm","downetehta.norm","otehta.norm","utehta.norm","thinnas.norm19","dotinside.norm19","underbar.norm","invatehta.norm14","overbar.norm","engytehta.norm14","revetehta.norm14","yantatehta.norm14","uline65","uptehtacliche_ateng"
"extformen.dec","ootehta.norm","uutehta.norm","eetehta.norm","downeetehta.norm","dblunderstroke.norm","atehta.norm","downatehta.norm","ytehta.norm","downytehta.norm","itehta.norm","downitehta.norm","etehta.norm","downetehta.norm","otehta.norm","utehta.norm","thinnas.norm19","dotinside.cond20","underbar.norm","invatehta.norm","overbar.norm","engytehta.norm","revetehta.norm","yantatehta.norm","uline65","uptehtacliche_norm"
"ando.dec","ootehta.norm","uutehta.norm","eetehta.norm","downeetehta.norm","dblunderstroke.norm","atehta.norm","downatehta.norm","ytehta.norm","downytehta.norm","itehta.norm","downitehta.norm","etehta.norm","downetehta.norm","otehta.norm","utehta.norm","thinnas.norm32","dotinside","underbar.norm","invatehta.norm","overbar.norm","engytehta.norm","revetehta.norm","yantatehta.norm","uline66","uptehtacliche_norm"
"extanto.dec","ootehta.norm","uutehta.norm","eetehta.norm","downeetehta.norm","dblunderstroke.norm","atehta.norm","downatehta.norm","ytehta.norm","downytehta.norm","itehta.norm","downitehta.norm","etehta.norm","downetehta.norm","otehta.norm","utehta.norm","thinnas.norm31","dotinside","underbar.norm","invatehta.norm","overbar.norm","engytehta.norm","revetehta.norm","yantatehta.norm","uline66","uptehtacliche_norm"
"ampa.dec","ootehta.norm","uutehta.norm","eetehta.norm","downeetehta.norm","dblunderstroke.norm","atehta.norm","downatehta.norm","ytehta.norm","downytehta.norm","itehta.norm","downitehta.norm","etehta.norm","downetehta.norm","otehta.norm","utehta.norm","thinnas.norm34","dotinside","underbar.norm","invatehta.norm","overbar.norm","engytehta.norm","revetehta.norm","yantatehta.norm","uline68","uptehtacliche_norm"
"malta.dec","ootehta.norm","uutehta.norm","eetehta.norm","downeetehta.norm","dblunderstroke.norm","atehta.norm","downatehta.norm","ytehta.norm","downytehta.norm","itehta.norm","downitehta.norm","etehta.norm","downetehta.norm","otehta.norm","utehta.norm","thinnas.norm34","dotinside","underbar.norm","invatehta.norm","overbar.norm","engytehta.norm","revetehta.norm","yantatehta.norm","uline68","uptehtacliche_norm"
"thuule.dec","ootehta.norm","uutehta.norm","eetehta.norm","downeetehta.norm","dblunderstroke.norm","atehta.norm","downatehta.norm","ytehta.norm","downytehta.norm","itehta.norm","downitehta.norm","etehta.norm","downetehta.norm","otehta.norm","utehta.norm","thinnas.norm23","dotinside.norm21","underbar.norm","invatehta.norm","overbar.norm","engytehta.norm","revetehta.norm","yantatehta.norm","uline67","uptehtacliche_norm"
"oore.dec","ootehta.norm","uutehta.norm","eetehta.norm","downeetehta.norm","dblunderstroke.norm","atehta.norm","downatehta.norm","ytehta.norm","downytehta.norm","itehta.norm","downitehta.norm","etehta.norm","downetehta.norm","otehta.norm","utehta.norm","thinnas.norm24","dotinside.norm19","underbar.norm","invatehta.norm","overbar.norm","engytehta.norm","revetehta.norm","yantatehta.norm","uline67","uptehtacliche_norm"
"formen.dec","ootehta.norm","uutehta.norm","eetehta.norm","downeetehta.norm","dblunderstroke.norm","atehta.norm","downatehta.norm","ytehta.norm","downytehta.norm","itehta.norm","downitehta.norm","etehta.norm","downetehta.norm","otehta.norm","utehta.norm","thinnas.norm24","dotinside.cond24","underbar.norm","invatehta.norm","overbar.norm","engytehta.norm","revetehta.norm","yantatehta.norm","uline67","uptehtacliche_norm"
"vala.dec","ootehta.norm","uutehta.norm","eetehta.norm","downeetehta.norm","dblunderstroke.norm","atehta.norm","downatehta.norm","ytehta.norm","downytehta.norm","itehta.norm","downitehta.norm","etehta.norm","downetehta.norm","otehta.norm","utehta.norm","thinnas.norm26","dotinside.cond24","underbar.norm","invatehta.norm","overbar.norm","engytehta.norm","revetehta.norm","yantatehta.norm","uline67","uptehtacliche_norm"
"anto.dec","ootehta.norm","uutehta.norm","eetehta.norm","downeetehta.norm","dblunderstroke.norm","atehta.norm","downatehta.norm","ytehta.norm","downytehta.norm","itehta.norm","downitehta.norm","etehta.norm","downetehta.norm","otehta.norm","utehta.norm","thinnas.norm34","dotinside","underbar.norm","invatehta.norm","overbar.norm","engytehta.norm","revetehta.norm","yantatehta.norm","uline68","uptehtacliche_norm"
"nuumen.dec","ootehta.norm","uutehta.norm","eetehta.norm","downeetehta.norm","dblunderstroke.norm","atehta.norm","downatehta.norm","ytehta.norm","downytehta.norm","itehta.norm","downitehta.norm","etehta.norm","downetehta.norm","otehta.norm","utehta.norm","thinnas.norm34","dotinside","underbar.norm","invatehta.norm","overbar.norm","engytehta.norm","revetehta.norm","yantatehta.norm","uline68","uptehtacliche_norm"
"nwalme.dec","ootehta.norm","uutehta.norm","eetehta.norm","downeetehta.norm","dblunderstroke.norm","atehta.norm","downatehta.norm","ytehta.norm","downytehta.norm","itehta.norm","downitehta.norm","etehta.norm","downetehta.norm","otehta.norm","utehta.norm","thinnas.norm36","dotinside","underbar.norm","invatehta.norm","overbar.norm","engytehta.norm","revetehta.norm","yantatehta.norm","uline68","uptehtacliche_norm"
"umbar.dec","ootehta.norm","uutehta.norm","eetehta.norm","downeetehta.norm","dblunderstroke.norm","atehta.norm","downatehta.norm","ytehta.norm","downytehta.norm","itehta.norm","downitehta.norm","etehta.norm","downetehta.norm","otehta.norm","utehta.norm","thinnas.norm31","dotinside","underbar.norm","invatehta.norm","overbar.norm","engytehta.norm","revetehta.norm","yantatehta.norm","uline69","uptehtacliche_norm"
"extampa.dec","ootehta.norm","uutehta.norm","eetehta.norm","downeetehta.norm","dblunderstroke.norm","atehta.norm","downatehta.norm","ytehta.norm","downytehta.norm","itehta.norm","downitehta.norm","etehta.norm","downetehta.norm","otehta.norm","utehta.norm","thinnas.norm31","dotinside","underbar.norm","invatehta.norm","overbar.norm","engytehta.norm","revetehta.norm","yantatehta.norm","uline69","uptehtacliche_norm"
"calma.dec","ootehta.norm","uutehta.norm","eetehta.norm","downeetehta.norm","dblunderstroke.norm","atehta.norm","downatehta.norm","ytehta.norm","downytehta.norm","itehta.norm","downitehta.norm","etehta.norm","downetehta.norm","otehta.wide26","utehta.norm","thinnas.norm30","dotinside.norm30","underbar.norm","invatehta.norm25","overbar.lambe","engytehta.wide25","revetehta.norm25","yantatehta.norm25","uline70","uptehtacliche_lambe"
"extharma.dec","ootehta.norm","uutehta.norm","eetehta.norm","downeetehta.norm","dblunderstroke.norm","atehta.norm","downatehta.norm","ytehta.norm","downytehta.norm","itehta.norm","downitehta.norm","etehta.norm","downetehta.norm","otehta.norm","utehta.norm","thinnas.norm32","dotinside","underbar.norm","invatehta.norm","overbar.norm","engytehta.norm","revetehta.norm","yantatehta.norm","uline70","uptehtacliche_norm"
"quesse.dec","ootehta.norm","uutehta.norm","eetehta.norm","downeetehta.norm","dblunderstroke.norm","atehta.norm","downatehta.norm","ytehta.norm","downytehta.norm","itehta.norm","downitehta.norm","etehta.norm","downetehta.norm","otehta.norm","utehta.norm","thinnas.norm32","dotinside","underbar.norm","invatehta.norm","overbar.norm","engytehta.norm","revetehta.norm","yantatehta.norm","uline70","uptehtacliche_norm"
"exthwesta.dec","ootehta.norm","uutehta.norm","eetehta.norm","downeetehta.norm","dblunderstroke.norm","atehta.norm","downatehta.norm","ytehta.norm","downytehta.norm","itehta.norm","downitehta.norm","etehta.norm","downetehta.norm","otehta.norm","utehta.norm","thinnas.norm32","dotinside","underbar.norm","invatehta.norm","overbar.norm","engytehta.norm","revetehta.norm","yantatehta.norm","uline70","uptehtacliche_norm"
"anga.dec","ootehta.norm","uutehta.norm","eetehta.norm","downeetehta.norm","dblunderstroke.norm","atehta.norm","downatehta.norm","ytehta.norm","downytehta.norm","itehta.norm","downitehta.norm","etehta.norm","downetehta.norm","otehta.norm","utehta.norm","thinnas.norm39","dotinside","underbar.norm","invatehta.norm","overbar.norm","engytehta.norm","revetehta.norm","yantatehta.norm","uline71","uptehtacliche_norm"
"ungwe.dec","ootehta.norm","uutehta.norm","eetehta.norm","downeetehta.norm","dblunderstroke.norm","atehta.norm","downatehta.norm","ytehta.norm","downytehta.norm","itehta.norm","downitehta.norm","etehta.norm","downetehta.norm","otehta.norm","utehta.norm","thinnas.norm39","dotinside","underbar.norm","invatehta.norm","overbar.norm","engytehta.norm","revetehta.norm","yantatehta.norm","uline71","uptehtacliche_norm"
"extunque.dec","ootehta.norm","uutehta.norm","eetehta.norm","downeetehta.norm","dblunderstroke.norm","atehta.norm","downatehta.norm","ytehta.norm","downytehta.norm","itehta.norm","downitehta.norm","etehta.norm","downetehta.norm","otehta.norm","utehta.norm","thinnas.norm39","dotinside","underbar.norm","invatehta.norm14","overbar.norm","engytehta.norm14","revetehta.norm14","yantatehta.norm14","uline71","uptehtacliche_ateng"
"harma.dec","ootehta.norm","uutehta.norm","eetehta.norm","downeetehta.norm","dblunderstroke.norm","atehta.norm","downatehta.norm","ytehta.norm","downytehta.norm","itehta.norm","downitehta.norm","etehta.norm","downetehta.norm","otehta.norm","utehta.norm","thinnas.norm28","dotinside.norm30","underbar.norm","invatehta.norm","overbar.norm","engytehta.norm","revetehta.norm","yantatehta.norm","uline72","uptehtacliche_norm"
"anna.dec","ootehta.norm","uutehta.norm","eetehta.norm","downeetehta.norm","dblunderstroke.norm","atehta.norm","downatehta.norm","ytehta.norm","downytehta.norm","itehta.norm","downitehta.norm","etehta.norm","downetehta.norm","otehta.norm","utehta.norm","thinnas.norm26","dotinside.norm30","underbar.norm","invatehta.norm","overbar.norm","engytehta.norm","revetehta.norm","yantatehta.norm","uline72","uptehtacliche_norm"
"hwesta.dec","ootehta.norm","uutehta.norm","eetehta.norm","downeetehta.norm","dblunderstroke.norm","atehta.norm","downatehta.norm","ytehta.norm","downytehta.norm","itehta.norm","downitehta.norm","etehta.norm","downetehta.norm","otehta.norm","utehta.norm","thinnas.norm28","dotinside","underbar.norm","invatehta.norm","overbar.norm","engytehta.norm","revetehta.norm","yantatehta.norm","uline72","uptehtacliche_norm"
"vilya.dec","ootehta.norm","uutehta.norm","eetehta.norm","downeetehta.norm","dblunderstroke.norm","atehta.norm","downatehta.norm","ytehta.norm","downytehta.norm","itehta.norm","downitehta.norm","etehta.norm","downetehta.norm","otehta.norm","utehta.norm","thinnas.norm25","dotinside","underbar.norm","invatehta.norm","overbar.norm","engytehta.norm","revetehta.norm","yantatehta.norm","uline72","uptehtacliche_norm"
"anca.dec","ootehta.norm","uutehta.norm","eetehta.norm","downeetehta.norm","dblunderstroke.norm","atehta.norm","downatehta.norm","ytehta.norm","downytehta.norm","itehta.norm","downitehta.norm","etehta.norm","downetehta.norm","otehta.norm","utehta.norm","thinnas.norm39","dotinside","underbar.norm","invatehta.norm","overbar.norm","engytehta.norm","revetehta.norm","yantatehta.norm","uline73","uptehtacliche_norm"
"noldo.dec","ootehta.norm","uutehta.norm","eetehta.norm","downeetehta.norm","dblunderstroke.norm","atehta.norm","downatehta.norm","ytehta.norm","downytehta.norm","itehta.norm","downitehta.norm","etehta.norm","downetehta.norm","otehta.norm","utehta.norm","thinnas.norm36","dotinside","underbar.norm","invatehta.norm","overbar.norm","engytehta.norm","revetehta.norm","yantatehta.norm","uline73","uptehtacliche_norm"
"extanca.dec","ootehta.norm","uutehta.norm","eetehta.norm","downeetehta.norm","dblunderstroke.norm","atehta.norm","downatehta.norm","ytehta.norm","downytehta.norm","itehta.norm","downitehta.norm","etehta.norm","downetehta.norm","otehta.norm","utehta.norm","thinnas.norm39","dotinside","underbar.norm","invatehta.norm","overbar.norm","engytehta.norm","revetehta.norm","yantatehta.norm","uline71","uptehtacliche_norm"
"unque.dec","ootehta.norm","uutehta.norm","eetehta.norm","downeetehta.norm","dblunderstroke.norm","atehta.norm","downatehta.norm","ytehta.norm","downytehta.norm","itehta.norm","downitehta.norm","etehta.norm","downetehta.norm","otehta.norm","utehta.norm","thinnas.norm39","dotinside","underbar.norm","invatehta.norm","overbar.norm","engytehta.norm","revetehta.norm","yantatehta.norm","uline73","uptehtacliche_norm"
"longcarr.dec","ootehta.norm","uutehta.norm","eetehta.norm","downeetehta.norm","dblunderstroke.norm","atehta.norm","downatehta.norm","ytehta.norm","downytehta.norm","itehta.norm","downitehta.norm","etehta.norm","downetehta.norm","otehta.norm","utehta.norm","thinnas.norm","dotinside","underbar.norm","invatehta.norm","overbar.norm","engytehta.norm","revetehta.norm","yantatehta.norm","uline74","uptehtacliche_norm"
"halla.dec","ootehta.norm","uutehta.norm","eetehta.norm","downeetehta.norm","dblunderstroke.norm","atehta.norm","downatehta.norm","ytehta.norm","downytehta.norm","itehta.norm","downitehta.norm","etehta.norm","downetehta.norm","otehta.norm","utehta.norm","thinnas.norm12","dotinside","underbar.norm","invatehta.norm","overbar.norm","engytehta.norm","revetehta.norm","yantatehta.norm","uline75","uptehtacliche_norm"
"shortcarr.dec","ootehta.norm","uutehta.norm","eetehta.norm","downeetehta.norm","dblunderstroke.norm","atehta.norm","downatehta.norm","ytehta.norm","downytehta.norm","itehta.norm","downitehta.norm","etehta.norm","downetehta.norm","otehta.norm","utehta.norm","thinnas.norm12","dotinside","underbar.norm","invatehta.norm","overbar.norm","engytehta.norm","revetehta.norm","yantatehta.norm","uline75","uptehtacliche_norm"
"openanna.dec","ootehta.norm","uutehta.norm","eetehta.norm","downeetehta.norm","dblunderstroke.norm","atehta.norm","downatehta.norm","ytehta.norm","downytehta.norm","itehta.norm","downitehta.norm","etehta.norm","downetehta.norm","otehta.norm","utehta.norm","thinnas.norm26","dotinside.norm30","underbar.norm","invatehta.norm","overbar.norm","engytehta.norm","revetehta.norm","yantatehta.norm","uline76","uptehtacliche_norm"
"hyarmen.dec","ootehta.norm","uutehta.norm","eetehta.norm","downeetehta.norm","dblunderstroke.norm","atehta.norm","downatehta.norm","ytehta.norm","downytehta.norm","itehta.norm","downitehta.norm","etehta.norm","downetehta.norm","otehta.norm","utehta.norm","thinnas.norm28","dotinside","underbar.norm","invatehta.norm","overbar.norm","engytehta.norm","revetehta.norm","yantatehta.norm","uline77","uptehtacliche_norm"
"yanta.dec","ootehta.norm","uutehta.norm","eetehta.norm","downeetehta.norm","dblunderstroke.norm","atehta.norm","downatehta.norm","ytehta.norm","downytehta.norm","itehta.norm","downitehta.norm","etehta.norm","downetehta.norm","otehta.norm","utehta.norm","thinnas.norm26","dotinside","underbar.norm","invatehta.norm","overbar.norm","engytehta.norm","revetehta.norm","yantatehta.norm","uline77","uptehtacliche_norm"
"lambe.dec","ootehta.norm","uutehta.norm","eetehta.norm","downeetehta.norm","dblunderstroke.norm","atehta.norm","downatehta.norm","ytehta.norm","downytehta.norm","itehta.norm","downitehta.norm","etehta.norm","downetehta.norm","otehta.wide26","utehta.norm","thinnas.norm","dotinside","underbar.norm","invatehta.norm25","overbar.lambe","engytehta.wide25","revetehta.norm25","yantatehta.norm25","uline78","uptehtacliche_lambe"
"alda.dec","ootehta.norm","uutehta.norm","eetehta.norm","downeetehta.norm","dblunderstroke.norm","atehta.norm","downatehta.norm","ytehta.norm","downytehta.norm","itehta.norm","downitehta.norm","etehta.norm","downetehta.norm","otehta.norm","utehta.norm","thinnas.norm30","dotinside","underbar.norm","invatehta.norm","overbar.norm","engytehta.norm","revetehta.norm","yantatehta.norm","uline79","uptehtacliche_norm"
"atengwa.dec","ootehta.norm","uutehta.norm","eetehta.norm","downeetehta.norm","dblunderstroke.norm","atehta.norm","downatehta.norm","ytehta.norm","downytehta.norm","itehta.norm","downitehta.norm","etehta.norm","downetehta.norm","otehta.norm","utehta.norm","thinnas.norm18","dotinside.norm14","underbar.norm","invatehta.norm","overbar.norm","engytehta.norm","revetehta.norm","yantatehta.norm","uline57","uptehtacliche_norm"
"mhtengwa.dec","ootehta.norm","uutehta.norm","eetehta.norm","downeetehta.norm","dblunderstroke.norm","atehta.norm","downatehta.norm","ytehta.norm","downytehta.norm","itehta.norm","downitehta.norm","etehta.norm","downetehta.norm","otehta.norm","utehta.norm","thinnas.norm36","dotinside","underbar.norm","invatehta.norm","overbar.norm","engytehta.norm","revetehta.norm","yantatehta.norm","uline80","uptehtacliche_norm"
"beleriandicmh.dec","ootehta.norm","uutehta.norm","eetehta.norm","downeetehta.norm","dblunderstroke.norm","atehta.norm","downatehta.norm","ytehta.norm","downytehta.norm","itehta.norm","downitehta.norm","etehta.norm","downetehta.norm","otehta.norm","utehta.norm","thinnas.norm27","dotinside.cond24","underbar.norm","invatehta.norm","overbar.norm","engytehta.norm","revetehta.norm","yantatehta.norm","uline81","uptehtacliche_norm"
